t,x,y,z,yaw_deg,speed_mps,speed_kph,throttle,brake,steer,lane_id,lane_type,lane_offset_m,speed_limit_kph,traffic_light_state
0.0,44.05557632446289,-60.72334289550781,-0.0026060102973133326,-0.02346801571547985,0.0,0.0,0.0,0.0,0.0,1,Driving,-0.192,30.0,Unknown
0.1029975414276123,44.05557632446289,-60.72334289550781,-0.0026060102973133326,-0.02346801571547985,0.0,0.0,0.0,0.0,0.0,1,Driving,-0.192,30.0,Unknown
0.21200037002563477,44.05557632446289,-60.72334289550781,-0.0026060102973133326,-0.02346801571547985,0.0,0.0,0.0,0.0,0.0,1,Driving,-0.192,30.0,Unknown
0.32200169563293457,44.05557632446289,-60.72334289550781,-0.0026060102973133326,-0.02346801571547985,0.0,0.0,0.0,0.0,0.0,1,Driving,-0.192,30.0,Unknown
0.4309988021850586,44.05557632446289,-60.72334289550781,-0.0026060102973133326,-0.02346801571547985,0.0,0.0,0.0,0.0,0.0,1,Driving,-0.192,30.0,Unknown
0.5360004901885986,44.05557632446289,-60.72334289550781,-0.0026060102973133326,-0.02346801571547985,0.0,0.0,0.0,0.0,0.0,1,Driving,-0.192,30.0,Unknown
0.6450033187866211,44.05557632446289,-60.72334289550781,-0.0026060102973133326,-0.02346801571547985,0.0,0.0,0.0,0.0,0.0,1,Driving,-0.192,30.0,Unknown
0.7550027370452881,44.05557632446289,-60.72334289550781,-0.0026060102973133326,-0.02346801571547985,0.0,0.0,0.0,0.0,0.0,1,Driving,-0.192,30.0,Unknown
0.8639988899230957,44.05557632446289,-60.72334289550781,-0.0026060102973133326,-0.02346801571547985,0.0,0.0,0.0,0.0,0.0,1,Driving,-0.192,30.0,Unknown
0.972998857498169,44.05557632446289,-60.72334289550781,-0.0026060102973133326,-0.02346801571547985,0.0,0.0,0.0,0.0,0.0,1,Driving,-0.192,30.0,Unknown
1.0829992294311523,44.05557632446289,-60.72334289550781,-0.0026060102973133326,-0.02346801571547985,0.0,0.0,0.0,0.0,0.0,1,Driving,-0.192,30.0,Unknown
1.1910011768341064,44.05557632446289,-60.72334289550781,-0.0026060102973133326,-0.02346801571547985,0.0,0.0,0.0,0.0,0.0,1,Driving,-0.192,30.0,Unknown
1.3009989261627197,44.05557632446289,-60.72334289550781,-0.0026060102973133326,-0.02346801571547985,0.0,0.0,0.0,0.0,0.0,1,Driving,-0.192,30.0,Unknown
1.4120020866394043,44.05557632446289,-60.72334289550781,-0.0026060102973133326,-0.02346801571547985,0.0,0.0,0.0,0.0,0.0,1,Driving,-0.192,30.0,Unknown
1.5230000019073486,44.05557632446289,-60.72334289550781,-0.0026060102973133326,-0.02346801571547985,0.0,0.0,0.0,0.0,0.0,1,Driving,-0.192,30.0,Unknown
1.6340014934539795,44.05557632446289,-60.72334289550781,-0.0026060102973133326,-0.02346801571547985,0.0,0.0,0.0,0.0,0.0,1,Driving,-0.192,30.0,Unknown
1.7400014400482178,44.05557632446289,-60.72334289550781,-0.0026060102973133326,-0.02346801571547985,0.0,0.0,0.0,0.0,0.0,1,Driving,-0.192,30.0,Unknown
1.8490004539489746,44.05557632446289,-60.72334289550781,-0.0026060102973133326,-0.02346801571547985,0.0,0.0,0.0,0.0,0.0,1,Driving,-0.192,30.0,Unknown
1.9557454586029053,44.05557632446289,-60.72334289550781,-0.0026060102973133326,-0.02346801571547985,0.0,0.0,0.0,0.0,0.0,1,Driving,-0.192,30.0,Unknown
2.0630393028259277,44.05557632446289,-60.72334289550781,-0.0026060102973133326,-0.02346801571547985,0.0,0.0,0.0,0.0,0.0,1,Driving,-0.192,30.0,Unknown
2.1715664863586426,44.05557632446289,-60.72334289550781,-0.0026060102973133326,-0.02346801571547985,0.0,0.0,0.0,0.0,0.0,1,Driving,-0.192,30.0,Unknown
2.2815656661987305,44.05557632446289,-60.72334289550781,-0.0026060102973133326,-0.02346801571547985,0.0,0.0,0.0,0.0,0.0,1,Driving,-0.192,30.0,Unknown
2.3885645866394043,44.05557632446289,-60.72334289550781,-0.0026060102973133326,-0.02346801571547985,0.0,0.0,0.0,0.0,0.0,1,Driving,-0.192,30.0,Unknown
2.4955639839172363,44.05557632446289,-60.72334289550781,-0.0026060102973133326,-0.02346801571547985,0.0,0.0,0.0,0.0,0.0,1,Driving,-0.192,30.0,Unknown
2.602564573287964,44.05557632446289,-60.72334289550781,-0.0026060102973133326,-0.02346801571547985,0.0,0.0,0.0,0.0,0.0,1,Driving,-0.192,30.0,Unknown
2.7125649452209473,44.05557632446289,-60.72334289550781,-0.0026060102973133326,-0.02346801571547985,0.0,0.0,0.0,0.0,0.0,1,Driving,-0.192,30.0,Unknown
2.8235669136047363,44.05557632446289,-60.72334289550781,-0.0026060102973133326,-0.02346801571547985,0.0,0.0,0.0,0.0,0.0,1,Driving,-0.192,30.0,Unknown
2.9315648078918457,44.05557632446289,-60.72334289550781,-0.0026060102973133326,-0.02346801571547985,0.0,0.0,0.0,0.0,0.0,1,Driving,-0.192,30.0,Unknown
3.0415658950805664,44.05557632446289,-60.72334289550781,-0.0026060102973133326,-0.02346801571547985,0.0,0.0,0.0,0.0,0.0,1,Driving,-0.192,30.0,Unknown
3.149564743041992,44.05557632446289,-60.72334289550781,-0.0026060102973133326,-0.02346801571547985,0.0,0.0,0.0,0.0,0.0,1,Driving,-0.192,30.0,Unknown
3.2595643997192383,44.05557632446289,-60.72334289550781,-0.0026060102973133326,-0.02346801571547985,0.0,0.0,0.0,0.0,0.0,1,Driving,-0.192,30.0,Unknown
3.367565631866455,44.05557632446289,-60.72334289550781,-0.0026060102973133326,-0.02346801571547985,0.0,0.0,0.0,0.0,0.0,1,Driving,-0.192,30.0,Unknown
3.4765660762786865,44.05557632446289,-60.72334289550781,-0.0026060102973133326,-0.02346801571547985,0.0,0.0,0.0,0.0,0.0,1,Driving,-0.192,30.0,Unknown
3.586564302444458,44.05557632446289,-60.72334289550781,-0.0026060102973133326,-0.02346801571547985,0.0,0.0,0.0,0.0,0.0,1,Driving,-0.192,30.0,Unknown
3.695564031600952,44.05557632446289,-60.72334289550781,-0.0026060102973133326,-0.02346801571547985,0.0,0.0,0.0,0.0,0.0,1,Driving,-0.192,30.0,Unknown
3.8015682697296143,44.05557632446289,-60.72334289550781,-0.0026060102973133326,-0.02346801571547985,0.0,0.0,0.0,0.0,0.0,1,Driving,-0.192,30.0,Unknown
3.9095633029937744,44.05557632446289,-60.72334289550781,-0.0026060102973133326,-0.02346801571547985,0.0,0.0,0.0,0.0,0.0,1,Driving,-0.192,30.0,Unknown
4.016562223434448,44.05557632446289,-60.72334289550781,-0.0026060102973133326,-0.02346801571547985,0.0,0.0,0.0,0.0,0.0,1,Driving,-0.192,30.0,Unknown
4.124565362930298,44.05557632446289,-60.72334289550781,-0.0026060102973133326,-0.02346801571547985,0.0,0.0,0.0,0.0,0.0,1,Driving,-0.192,30.0,Unknown
4.23356556892395,44.05557632446289,-60.72334289550781,-0.0026060102973133326,-0.02346801571547985,0.0,0.0,0.0,0.0,0.0,1,Driving,-0.192,30.0,Unknown
4.342154026031494,44.05557632446289,-60.72334289550781,-0.0026060102973133326,-0.02346801571547985,0.0,0.0,0.0,0.0,0.0,1,Driving,-0.192,30.0,Unknown
4.452765226364136,44.05557632446289,-60.72334289550781,-0.0026060102973133326,-0.02346801571547985,0.0,0.0,0.0,0.0,0.0,1,Driving,-0.192,30.0,Unknown
4.562764883041382,44.05557632446289,-60.72334289550781,-0.0026060102973133326,-0.02346801571547985,0.0,0.0,0.0,0.0,0.0,1,Driving,-0.192,30.0,Unknown
4.672763347625732,44.05557632446289,-60.72334289550781,-0.0026060102973133326,-0.02346801571547985,0.0,0.0,0.0,0.0,0.0,1,Driving,-0.192,30.0,Unknown
4.778764009475708,44.05557632446289,-60.72334289550781,-0.0026060102973133326,-0.02346801571547985,0.0,0.0,0.0,0.0,0.0,1,Driving,-0.192,30.0,Unknown
4.887763738632202,44.05557632446289,-60.72334289550781,-0.0026060102973133326,-0.02346801571547985,0.0,0.0,0.0,0.0,0.0,1,Driving,-0.192,30.0,Unknown
4.997763633728027,44.05557632446289,-60.72334289550781,-0.0026060102973133326,-0.02346801571547985,0.0,0.0,0.0,0.0,0.0,1,Driving,-0.192,30.0,Unknown
5.105765104293823,44.055580139160156,-60.723533630371094,-0.003976783715188503,-0.023468017578125,0.006,0.02,0.5,0.0,0.0,1,Driving,-0.191,30.0,Unknown
5.21576452255249,44.05559158325195,-60.72372817993164,-0.00466358195990324,-0.023468017578125,0.001,0.0,1.0,0.0,0.0,1,Driving,-0.191,30.0,Unknown
5.324762582778931,44.05559539794922,-60.72374725341797,-0.004497642628848553,-0.023468017578125,0.0,0.0,1.0,0.0,0.0,1,Driving,-0.191,30.0,Unknown
5.433767080307007,44.23904800415039,-60.723846435546875,-0.004674186464399099,-0.028045644983649254,1.391,5.01,1.0,0.0,0.0,1,Driving,-0.191,30.0,Unknown
5.5447633266448975,45.06166458129883,-60.724334716796875,-0.004819831810891628,-0.024627685546875,3.129,11.26,0.0,0.0,0.0,1,Driving,-0.191,30.0,Unknown
5.653764009475708,45.9903450012207,-60.72466278076172,-0.004571266006678343,-0.0180053673684597,2.978,10.72,0.0,0.0,0.0,1,Driving,-0.191,30.0,Unknown
5.7627646923065186,46.68040466308594,-60.72487258911133,-0.004307899158447981,-0.016326904296875,2.627,9.46,0.0,0.0,0.0,1,Driving,-0.191,30.0,Unknown
5.871764659881592,47.517635345458984,-60.725101470947266,-0.004416084382683039,-0.0108642578125,2.171,7.81,0.0,0.0,0.0,1,Driving,-0.191,30.0,Unknown
5.981765270233154,48.12301254272461,-60.72523880004883,-0.004492683336138725,-0.007171630859375,1.861,6.7,0.0,0.0,0.0,1,Driving,-0.191,30.0,Unknown
6.091763973236084,48.64656448364258,-60.72536849975586,-0.004498329013586044,-0.006713866721838713,1.825,6.57,0.7,0.0,0.0,1,Driving,-0.191,30.0,Unknown
6.199766397476196,49.52501678466797,-60.72553253173828,-0.004708290100097656,-0.008697509765625,3.324,11.97,1.0,0.0,0.0,1,Driving,-0.192,30.0,Unknown
6.311765909194946,50.783626556396484,-60.7220573425293,-0.004799613729119301,0.05262584611773491,4.939,17.78,1.0,0.0,0.1,1,Driving,-0.196,30.0,Unknown
6.419764041900635,52.31106948852539,-60.71158218383789,-0.004001197870820761,0.14793914556503296,4.969,17.89,0.0,0.0,0.0,1,Driving,-0.207,30.0,Unknown
6.5276103019714355,53.48233413696289,-60.7084846496582,-0.004246253985911608,0.12692753970623016,4.462,16.06,0.0,0.0,0.0,1,Driving,-0.21,30.0,Unknown
6.637105226516724,54.71692657470703,-60.705467224121094,-0.004199333023279905,0.1261684149503708,3.814,13.73,0.2,0.0,0.0,1,Driving,-0.214,30.0,Unknown
6.743191242218018,56.048397064208984,-60.68087387084961,-0.004173927009105682,0.53216153383255,4.038,14.54,0.9,0.0,0.1,1,Driving,-0.239,30.0,Unknown
6.851190805435181,57.202903747558594,-60.60939407348633,-0.002342567313462496,1.7062335014343262,5.151,18.54,0.0,0.0,0.0,1,Driving,-0.311,30.0,Unknown
6.960190534591675,58.95650100708008,-60.54849624633789,-0.0037926100194454193,1.930512547492981,4.776,17.19,0.0,0.0,0.0,1,Driving,-0.373,30.0,Unknown
7.0691916942596436,60.275482177734375,-60.50253677368164,-0.0038470840081572533,1.9302010536193848,4.105,14.78,0.0,0.0,0.0,1,Driving,-0.419,30.0,Unknown
7.181191444396973,61.585105895996094,-60.45796585083008,-0.003925971686840057,1.9303889274597168,3.412,12.28,0.0,0.0,0.0,1,Driving,-0.464,30.0,Unknown
7.291189432144165,62.53279495239258,-60.42642593383789,-0.004386329557746649,1.9307035207748413,2.935,10.57,0.3,0.0,0.0,1,Driving,-0.496,30.0,Unknown
7.39719033241272,63.440223693847656,-60.37831497192383,-0.004005164839327335,2.267883539199829,3.294,11.86,0.9,0.0,0.1,1,Driving,-0.545,30.0,Unknown
7.506190538406372,64.88461303710938,-60.24702453613281,-0.0024608992971479893,3.6028122901916504,4.851,17.46,0.0,0.0,0.0,1,Driving,-0.676,30.0,Unknown
7.614191770553589,66.28914642333984,-60.15561294555664,-0.004100227262824774,3.666869640350342,4.45,16.02,0.0,0.0,0.0,1,Driving,-0.755,30.0,Unknown
7.723193645477295,67.69705963134766,-60.06381607055664,-0.0033861922565847635,3.6648006439208984,3.708,13.35,0.0,0.0,0.0,1,Driving,-0.783,30.0,Unknown
7.833192348480225,68.72506713867188,-59.99787521362305,-0.004107322543859482,3.66532301902771,3.169,11.41,0.0,0.0,0.0,1,Driving,-0.769,30.0,Unknown
7.943192005157471,69.60252380371094,-59.94207763671875,-0.004385109059512615,3.665217161178589,2.7,9.72,0.2,0.0,0.0,1,Driving,-0.733,30.0,Unknown
8.051191091537476,70.5594482421875,-59.840946197509766,-0.003287849249318242,4.434327602386475,3.039,10.94,0.9,0.0,0.1,1,Driving,-0.71,30.0,Unknown
8.160191535949707,71.68415832519531,-59.68253707885742,-0.0026816176250576973,5.7574005126953125,4.484,16.14,1.0,0.0,0.2,1,Driving,-0.69,30.0,Unknown
8.27019214630127,73.4764633178711,-59.32956314086914,-0.0007285689935088158,8.77574634552002,5.532,19.92,0.0,0.0,0.0,1,Driving,-0.684,30.0,Unknown
8.379190444946289,75.0297622680664,-59.079280853271484,-0.0035554885398596525,9.121063232421875,4.997,17.99,0.0,0.0,0.0,1,Driving,-0.552,30.0,Unknown
8.4881911277771,76.42704772949219,-58.85191345214844,-0.0029629897326231003,9.129251480102539,4.525,16.29,0.4,0.0,0.0,1,Driving,-0.379,30.0,Unknown
8.597190856933594,78.06600952148438,-58.53298568725586,-0.003407707205042243,10.132672309875488,5.231,18.83,1.0,0.0,0.1,1,Driving,-0.159,30.0,Unknown
8.70619010925293,79.43655395507812,-58.21010971069336,-0.000890388444531709,11.66706371307373,5.938,21.38,0.0,0.0,0.1,1,Driving,0.029,30.0,Unknown
8.815611362457275,80.81961822509766,-57.805091857910156,0.0006533431587740779,14.030732154846191,5.584,20.1,0.0,0.0,0.2,1,Driving,0.199,30.0,Unknown
8.924920797348022,82.50086975097656,-57.18056869506836,0.0002447128063067794,17.94273567199707,4.743,17.08,0.0,0.0,0.3,1,Driving,0.359,30.0,Unknown
9.03492021560669,83.66114044189453,-56.57636260986328,-4.9629223212832585e-05,22.083559036254883,4.031,14.51,0.0,0.0,0.3,1,Driving,0.367,30.0,Unknown
9.140918254852295,84.60236358642578,-55.9786376953125,-0.0012482833117246628,25.95497703552246,3.415,12.29,0.0,0.0,0.4,1,Driving,0.313,30.0,Unknown
9.248919248580933,85.22423553466797,-55.481239318847656,-0.002299995394423604,29.45904541015625,2.996,10.79,0.0,0.0,0.4,1,Driving,0.209,30.0,Unknown
9.35592007637024,85.8501968383789,-54.936981201171875,-0.0034151077270507812,32.756446838378906,2.573,9.26,0.0,0.0,0.0,1,Driving,0.084,30.0,Unknown
9.463437557220459,86.44598388671875,-54.5456428527832,-0.0008978652767837048,32.85810852050781,2.202,7.93,0.0,0.0,0.0,1,Driving,0.086,30.0,Unknown
9.572437524795532,86.95594787597656,-54.21384048461914,-0.0004235458327457309,32.858619689941406,1.845,6.64,0.2,0.0,0.0,1,Driving,0.101,30.0,Unknown
9.678437948226929,87.33332061767578,-53.96353530883789,-0.004332466050982475,32.97382354736328,1.904,6.86,0.7,0.0,0.1,1,Driving,0.115,30.0,Unknown
9.785440444946289,87.94149017333984,-53.51870346069336,-0.003069724887609482,33.826271057128906,3.199,11.52,1.0,0.0,0.1,1,Driving,0.115,30.0,Unknown
9.895437479019165,88.89698028564453,-52.76315689086914,-0.001580314594320953,35.610137939453125,4.774,17.19,0.0,0.0,0.2,1,Driving,0.102,30.0,Unknown
10.00743818283081,90.12340545654297,-51.638275146484375,-0.00041675567626953125,39.20640563964844,4.509,16.23,0.0,0.0,0.2,1,Driving,0.025,30.0,Unknown
10.115436315536499,90.96060943603516,-50.73245620727539,-0.000840797380078584,42.527740478515625,3.824,13.77,0.0,0.0,0.3,1,Driving,-0.086,30.0,Unknown
10.223437786102295,91.59317779541016,-50.09921646118164,-0.0032365035731345415,43.408634185791016,3.345,12.04,0.0,0.0,0.0,1,Driving,-0.106,30.0,Unknown
10.332436561584473,92.26726531982422,-49.455780029296875,-0.0014416122576221824,43.41193389892578,2.86,10.3,0.0,0.0,0.0,1,Driving,-0.083,30.0,Unknown
10.444437742233276,92.93596649169922,-48.81040573120117,-0.0029529952444136143,43.535667419433594,2.626,9.45,0.6,0.0,0.1,1,Driving,-0.042,30.0,Unknown
10.555436611175537,93.5697250366211,-48.13633728027344,-0.003261375240981579,44.541168212890625,3.697,13.31,1.0,0.0,0.1,1,Driving,-0.023,30.0,Unknown
10.662436246871948,94.28758239746094,-47.308807373046875,-0.0013161086244508624,46.18955993652344,4.961,17.86,1.0,0.0,0.2,1,Driving,-0.015,30.0,Unknown
10.768439054489136,95.28498840332031,-45.99627685546875,0.0008171462686732411,49.680686950683594,5.965,21.47,1.0,0.0,0.2,1,Driving,-0.05,30.0,Unknown
10.878440618515015,96.14702606201172,-44.68806076049805,0.0010482406942173839,53.41130065917969,6.261,22.54,0.0,0.0,0.3,1,Driving,-0.122,30.0,Unknown
10.98843765258789,96.96633911132812,-43.129730224609375,0.0028018569573760033,58.94880676269531,5.536,19.93,0.0,0.0,0.3,1,Driving,-0.298,30.0,Unknown
11.09494948387146,97.4268798828125,-41.93360900878906,0.0028738784603774548,63.88835144042969,4.822,17.36,0.0,0.0,0.4,1,Driving,-0.522,30.0,Unknown
11.204666376113892,97.88555145263672,-40.67408752441406,-0.0013713454827666283,66.68204498291016,4.14,14.9,0.0,0.0,0.0,1,Driving,-0.735,30.0,Unknown
11.31366777420044,98.33332824707031,-39.61671447753906,-0.0013587570283561945,66.70169067382812,3.541,12.75,0.0,0.0,0.0,1,Driving,-0.821,30.0,Unknown
11.424669027328491,98.71897888183594,-38.7131233215332,-0.000339698774041608,66.70115661621094,3.036,10.93,0.0,0.0,0.0,1,Driving,-0.864,30.0,Unknown
11.534668207168579,99.05277252197266,-37.9409294128418,-0.004555702209472656,66.7029037475586,2.596,9.34,0.0,0.0,0.0,1,Driving,-0.876,30.0,Unknown
11.644668340682983,99.32742309570312,-37.27415084838867,-0.003269309876486659,66.95640563964844,2.329,8.38,0.5,0.0,0.1,1,Driving,-0.883,30.0,Unknown
11.753668546676636,99.60114288330078,-36.51219940185547,-0.002299461280927062,67.87056732177734,3.228,11.62,1.0,0.0,0.1,1,Driving,-0.911,30.0,Unknown
11.86367130279541,99.89659881591797,-35.5728874206543,-0.0032218550331890583,69.3864517211914,4.526,16.29,1.0,0.0,0.2,1,Driving,-0.961,30.0,Unknown
11.970667839050293,100.272705078125,-34.05807113647461,-0.0008681869367137551,72.68978881835938,5.6,20.16,0.0,0.0,0.2,1,Driving,-1.082,30.0,Unknown
12.08266830444336,100.78823852539062,-32.189762115478516,-0.00288639054633677,74.05867004394531,5.326,19.17,0.0,0.0,0.0,1,Driving,-1.089,30.0,Unknown
12.188668251037598,101.12752532958984,-30.983022689819336,-0.003188819857314229,74.17141723632812,4.777,17.2,0.0,0.0,0.0,1,Driving,-1.034,30.0,Unknown
12.293667793273926,101.48828125,-29.70494842529297,-0.0029167556203901768,74.17430877685547,4.094,14.74,0.0,0.0,0.0,1,Driving,-0.926,30.0,Unknown
12.402669668197632,101.7376480102539,-28.748329162597656,-0.004009819123893976,74.57765197753906,3.936,14.17,0.6,0.0,0.1,1,Driving,-0.836,30.0,Unknown
12.511667966842651,102.014892578125,-27.45314598083496,-0.0016473769210278988,76.03115844726562,5.0,18.0,1.0,0.0,0.1,1,Driving,-0.731,30.0,Unknown
12.621668815612793,102.28450775146484,-25.817100524902344,-0.000517616281285882,78.49177551269531,6.141,22.11,1.0,0.0,0.2,1,Driving,-0.612,30.0,Unknown
12.731672048568726,102.5051040649414,-23.878740310668945,0.0004121017409488559,81.74134826660156,6.58,23.69,0.0,0.0,0.0,1,Driving,-0.474,30.0,Unknown
12.841668605804443,102.75840759277344,-22.04266357421875,-0.0039014816284179688,82.2301254272461,5.822,20.96,0.0,0.0,0.0,1,Driving,-0.212,30.0,Unknown
12.951667785644531,102.97061157226562,-20.443199157714844,-0.0026717758737504482,82.26094055175781,4.986,17.95,0.0,0.0,0.0,1,Driving,0.017,30.0,Unknown
13.063672542572021,103.12081146240234,-19.066776275634766,-0.003429221920669079,82.9329605102539,4.252,15.31,0.0,0.0,0.1,1,Driving,0.177,30.0,Unknown
13.172667503356934,103.18896484375,-18.074323654174805,-0.0019571303855627775,84.05122375488281,3.729,13.42,0.0,0.0,0.1,1,Driving,0.249,30.0,Unknown
13.282668113708496,103.2040023803711,-17.205995559692383,-0.0009032058296725154,85.56159210205078,3.258,11.73,0.0,0.0,0.2,1,Driving,0.265,30.0,Unknown
13.390801668167114,103.18830871582031,-16.302772521972656,-0.002089271554723382,87.27591705322266,2.803,10.09,0.0,0.0,0.0,1,Driving,0.248,30.0,Unknown
13.496802806854248,103.21656036376953,-15.647101402282715,-0.003350562881678343,87.31314086914062,2.462,8.86,0.0,0.0,0.0,1,Driving,0.274,30.0,Unknown
13.602803707122803,103.24181365966797,-15.07171630859375,-0.001948127755895257,87.31300354003906,2.106,7.58,0.0,0.0,0.0,1,Driving,0.297,30.0,Unknown
13.713323593139648,103.26343536376953,-14.476411819458008,-0.00363750453107059,87.42743682861328,1.925,6.93,0.6,0.0,0.1,1,Driving,0.317,30.0,Unknown
13.823322534561157,103.25970458984375,-14.041510581970215,-0.003953208681195974,87.91940307617188,2.482,8.94,1.0,0.0,0.1,1,Driving,0.313,30.0,Unknown
13.93332290649414,103.23023986816406,-13.246404647827148,-0.002329063368961215,89.07969665527344,3.778,13.6,0.0,0.0,0.0,1,Driving,0.283,30.0,Yellow
14.043322324752808,103.2384262084961,-12.26966667175293,-0.003055305453017354,89.28636932373047,3.826,13.77,0.0,0.0,0.0,1,Driving,0.293,30.0,Yellow
14.152323246002197,103.247802734375,-11.381772994995117,-0.003782997140660882,89.28716278076172,3.383,12.18,0.0,0.0,0.0,1,Driving,0.306,30.0,Yellow
14.263322830200195,103.25881958007812,-10.401371955871582,-0.0031480025500059128,89.27269744873047,3.378,12.16,0.9,0.0,0.0,1,Driving,0.322,30.0,Yellow
14.370850563049316,103.27149200439453,-9.411972045898438,-0.004377784673124552,89.27051544189453,4.481,16.13,1.0,0.0,0.0,1,Driving,0.341,30.0,Yellow
14.4808509349823,103.28841400146484,-8.13312816619873,-0.004579429514706135,89.26824951171875,5.469,19.69,1.0,0.0,0.0,1,Driving,0.367,30.0,Yellow
14.590850830078125,103.30734252929688,-6.702332496643066,-0.004085044842213392,89.2670669555664,5.856,21.08,0.0,0.0,0.0,1,Driving,0.396,30.0,Yellow
14.698850870132446,103.30165100097656,-5.037282466888428,-0.0032891463488340378,89.76325988769531,5.279,19.0,0.0,0.0,0.0,1,Driving,0.401,30.0,Yellow
14.807849407196045,103.306884765625,-3.566958427429199,-0.004211616236716509,89.81822967529297,4.569,16.45,0.0,0.0,0.0,1,Driving,0.416,30.0,Yellow
14.913849592208862,103.3087158203125,-2.9078099727630615,-0.004440345801413059,89.81826782226562,4.225,15.21,0.0,0.0,0.0,1,Driving,0.423,30.0,Unknown
15.022849321365356,103.27177429199219,-1.6834286451339722,-0.003761100582778454,90.58914184570312,4.134,14.88,0.8,0.0,0.0,1,Driving,0.394,30.0,Unknown
15.131850004196167,103.25892639160156,-0.6287298202514648,-0.001339225796982646,90.68114471435547,4.089,14.72,0.0,0.0,0.0,1,Driving,0.389,30.0,Unknown
15.240850687026978,103.2459945678711,0.3405487835407257,-0.0024657058529555798,90.68858337402344,3.785,13.63,0.5,0.0,0.0,1,Driving,0.382,30.0,Unknown
15.347853422164917,103.23329162597656,1.3406357765197754,-0.004463844001293182,90.6910171508789,4.361,15.7,1.0,0.0,0.0,1,Driving,0.376,30.0,Unknown
15.456849813461304,103.21514129638672,2.859435558319092,-0.004948463290929794,90.69036102294922,5.467,19.68,1.0,0.0,0.0,1,Driving,0.369,30.0,Unknown
15.566139221191406,103.19110870361328,4.024906635284424,-0.00421344768255949,90.88130187988281,6.304,22.7,1.0,0.0,0.0,1,Driving,0.353,30.0,Unknown
15.675854206085205,103.15558624267578,6.19712495803833,-0.0038294601254165173,90.94457244873047,7.953,28.63,1.0,0.0,0.0,1,Driving,0.332,30.0,Unknown
15.782443761825562,103.11954498291016,8.362295150756836,-0.004607276991009712,90.94961547851562,9.321,33.55,1.0,0.0,0.0,1,Driving,0.311,30.0,Unknown
15.892444849014282,103.07737731933594,10.873335838317871,-0.004636879079043865,90.95144653320312,10.717,38.58,1.0,0.0,0.0,1,Driving,0.285,30.0,Unknown
16.000446557998657,103.02068328857422,14.326029777526855,-0.0023617935366928577,90.94329071044922,12.22,43.99,1.0,0.0,0.0,1,Driving,0.252,30.0,Unknown
16.107447624206543,102.9669418334961,17.530540466308594,-0.0036726759281009436,90.94055938720703,13.377,48.16,1.0,0.0,0.0,1,Driving,0.22,30.0,Unknown
16.218445777893066,102.90444946289062,20.87026596069336,-0.00606128666549921,90.69637298583984,13.409,48.27,0.0,0.0,0.0,1,Driving,0.181,30.0,Unknown
16.32844567298889,102.85679626464844,24.885021209716797,-0.01538082119077444,90.57415008544922,13.63,49.07,0.0,0.0,0.0,1,Driving,0.16,30.0,Unknown
16.438446044921875,102.81797790527344,29.04804801940918,-0.0004569625889416784,90.56329345703125,13.751,49.5,0.0,0.0,0.0,1,Driving,0.15,30.0,Unknown
16.54744529724121,102.78416442871094,32.41341018676758,-0.0009423446608707309,90.5655746459961,13.233,47.64,0.0,0.0,0.0,1,Driving,0.139,30.0,Unknown
16.655444145202637,102.74372100830078,36.29214096069336,-0.004182014148682356,90.56598663330078,12.747,45.89,0.5,0.0,0.0,1,Driving,0.125,30.0,Unknown
16.762444734573364,102.71138763427734,39.49897384643555,-0.005172538571059704,90.56824493408203,12.916,46.5,0.0,0.0,0.0,1,Driving,0.115,30.0,Unknown
16.87044358253479,102.67982482910156,42.6961555480957,-0.004548606928437948,90.56517028808594,12.59,45.32,0.0,0.0,0.0,1,Driving,0.105,30.0,Unknown
16.980443954467773,102.64347076416016,46.40876770019531,-0.003960380330681801,90.56514739990234,12.333,44.4,0.0,0.0,0.0,1,Driving,0.094,30.0,Unknown
17.088444471359253,102.61311340332031,49.49127197265625,-0.004205512814223766,90.56857299804688,12.316,44.34,0.0,0.0,0.0,1,Driving,0.085,30.0,Unknown
17.2004451751709,102.57942962646484,52.870121002197266,-0.004083290230482817,90.59263610839844,9.929,35.74,0.0,0.0,0.0,1,Driving,0.074,30.0,Unknown
17.311447858810425,102.55181121826172,55.546600341796875,-0.0038067244458943605,90.59571075439453,7.954,28.63,0.0,1.0,0.0,1,Driving,0.065,30.0,Unknown
17.420445203781128,102.53084564208984,57.583187103271484,-0.004349098075181246,90.61224365234375,5.259,18.93,0.0,1.0,0.0,1,Driving,0.058,30.0,Unknown
17.529446601867676,102.52594757080078,58.058719635009766,-0.0035248184576630592,90.63227844238281,0.43,1.55,0.0,0.0,0.0,1,Driving,0.056,30.0,Unknown
17.641444206237793,102.52420043945312,58.2163200378418,-0.004303550813347101,90.63278198242188,0.513,1.85,0.0,0.0,0.0,1,Driving,0.055,30.0,Unknown
17.751445293426514,102.52266693115234,58.357421875,-0.004499244503676891,90.63274383544922,0.464,1.67,0.0,0.0,0.0,1,Driving,0.055,30.0,Unknown
17.857441663742065,102.52152252197266,58.46519470214844,-0.004543876741081476,90.63273620605469,0.428,1.54,0.0,0.0,0.0,1,Driving,0.054,30.0,Unknown
17.9660906791687,102.52031707763672,58.5750732421875,-0.00448543531820178,90.63273620605469,0.358,1.29,0.2,0.0,0.0,1,Driving,0.054,30.0,Unknown
18.075612545013428,102.51891326904297,58.70204544067383,-0.004508552607148886,90.64585876464844,0.715,2.57,1.0,0.0,0.0,1,Driving,0.053,30.0,Unknown
18.184612035751343,102.51409912109375,59.1390380859375,-0.004706992767751217,90.63725280761719,2.133,7.68,1.0,0.0,0.0,1,Driving,0.051,30.0,Unknown
18.293612957000732,102.50419616699219,60.03389358520508,-0.004815788008272648,90.63407135009766,3.791,13.65,1.0,0.0,0.0,1,Driving,0.048,30.0,Unknown
18.400614738464355,102.49181365966797,61.15363693237305,-0.00477535231038928,90.63399505615234,5.116,18.42,1.0,0.0,0.0,1,Driving,0.043,30.0,Unknown
18.508613109588623,102.47454071044922,62.715911865234375,-0.004292945843189955,90.634033203125,5.042,18.15,0.0,0.0,0.0,1,Driving,0.036,30.0,Unknown
18.617612838745117,102.46129608154297,63.91300582885742,-0.004369926173239946,90.63404846191406,4.572,16.46,0.0,0.0,0.0,1,Driving,0.031,30.0,Unknown
18.726613998413086,102.44723510742188,65.18359375,-0.00443546287715435,90.63397216796875,3.984,14.34,0.3,0.0,0.0,1,Driving,0.026,30.0,Unknown
18.834617137908936,102.43600463867188,66.19837951660156,-0.004514732398092747,90.63401794433594,4.256,15.32,1.0,0.0,0.0,1,Driving,0.021,30.0,Unknown
18.941617727279663,102.41962432861328,67.67980194091797,-0.004533500410616398,90.63404083251953,5.345,19.24,1.0,0.0,0.0,1,Driving,0.015,30.0,Unknown
19.051612615585327,102.40359497070312,69.12676239013672,-0.004484138451516628,90.63410186767578,6.333,22.8,1.0,0.0,0.0,1,Driving,0.009,30.0,Unknown
19.163614511489868,102.37977600097656,71.27938079833984,-0.004619941581040621,90.63398742675781,7.977,28.72,0.0,0.0,0.0,1,Driving,-0.0,30.0,Unknown
19.27261447906494,102.35307312011719,73.68997192382812,-0.004475059453397989,90.63417053222656,7.799,28.08,0.0,0.0,0.0,1,Driving,-0.01,30.0,Unknown
19.3796124458313,102.32892608642578,75.872314453125,-0.004086188971996307,90.63412475585938,6.933,24.96,0.5,0.0,0.0,1,Driving,-0.02,30.0,Unknown
19.48961305618286,102.30582427978516,77.95995330810547,-0.004309120122343302,90.6341323852539,7.231,26.03,1.0,0.0,0.0,1,Driving,-0.029,30.0,Unknown
19.594616413116455,102.28401184082031,79.93213653564453,-0.004596672020852566,90.63417053222656,8.454,30.43,1.0,0.0,0.0,1,Driving,-0.037,30.0,Unknown
19.70461416244507,102.16604614257812,83.24075317382812,-0.00312213902361691,91.99950408935547,10.389,37.4,1.0,0.0,0.1,1,Driving,-0.132,30.0,Unknown
19.812612533569336,101.92964935302734,85.9900894165039,0.0019330214709043503,94.60552215576172,11.536,41.53,0.0,0.0,0.1,1,Driving,-0.35,30.0,Unknown
19.92061424255371,101.58106994628906,89.29856872558594,0.003125800983980298,96.5069580078125,10.554,38.0,0.0,0.0,0.0,1,Driving,-0.676,30.0,Unknown
20.02861452102661,101.2513198852539,92.20980072021484,-0.004258689936250448,96.7477035522461,9.111,32.8,0.0,0.0,0.0,1,Driving,-0.986,30.0,Unknown
20.137148141860962,100.9979019165039,94.32875061035156,-0.005077247507870197,96.7671890258789,8.001,28.8,0.0,0.0,0.0,1,Driving,-1.171,30.0,Unknown
20.245851516723633,100.70943450927734,96.53013610839844,-0.0031212233006954193,97.1898193359375,6.823,24.56,0.0,0.0,0.1,1,Driving,-1.284,30.0,Unknown
20.3553729057312,100.3812484741211,98.38707733154297,-0.0006869888165965676,99.00106048583984,5.807,20.9,0.0,0.0,0.1,1,Driving,-1.38,30.0,Unknown
20.463374137878418,100.08755493164062,99.70581817626953,0.0004639816179405898,100.84461975097656,5.042,18.15,0.0,0.0,0.2,1,Driving,-1.46,30.0,Unknown
20.570374250411987,99.6107406616211,101.24105072021484,-0.0001587295555509627,104.21356964111328,4.196,15.11,0.0,0.0,0.0,1,Driving,-1.635,30.0,Unknown
20.6763756275177,99.3608169555664,102.18950653076172,-0.003676185617223382,104.4691162109375,3.678,13.24,0.0,0.0,0.0,1,Driving,-1.671,30.0,Unknown
20.787373304367065,99.10221099853516,103.17601013183594,-0.0019179153023287654,104.46913146972656,3.142,11.31,0.1,0.0,0.0,1,Driving,-1.685,30.0,Unknown
20.897375345230103,98.84575653076172,104.06269073486328,-0.003096198895946145,104.96475219726562,3.191,11.49,0.8,0.0,0.1,1,Driving,-1.701,30.0,Unknown
21.004375219345093,98.48420715332031,105.15612030029297,-0.0026917648501694202,106.24443054199219,4.505,16.22,1.0,0.0,0.1,1,Driving,-1.738,30.0,Unknown
21.112375736236572,97.89143371582031,106.60480499267578,0.00044376368168741465,109.22679138183594,5.836,21.01,1.0,0.0,0.2,2,Driving,1.65,30.0,Unknown
21.223376035690308,97.2223892211914,108.0125732421875,0.0016622543334960938,112.5021743774414,6.759,24.33,1.0,0.0,0.2,2,Driving,1.507,30.0,Unknown
21.33037495613098,96.0442886352539,109.95216369628906,0.0033104324247688055,118.6601333618164,8.307,29.91,0.0,0.0,0.3,2,Driving,1.164,30.0,Unknown
21.44137668609619,94.8718032836914,111.69316101074219,0.005178871098905802,122.89547729492188,8.252,29.71,0.0,0.0,0.0,2,Driving,0.85,30.0,Unknown
21.54937505722046,93.60710906982422,113.62227630615234,-0.003876075614243746,123.66432189941406,7.205,25.94,0.0,0.0,0.0,2,Driving,0.646,30.0,Unknown
21.65837574005127,92.66812896728516,115.01995086669922,-0.0036550520453602076,123.71895599365234,6.328,22.78,0.0,0.0,0.0,2,Driving,0.554,30.0,Unknown
21.769375801086426,91.84333801269531,116.24855041503906,-0.0019310378702357411,123.72020721435547,5.531,19.91,0.0,0.0,0.0,2,Driving,0.526,30.0,Unknown
21.877376794815063,90.98806762695312,117.52417755126953,-0.004066810477524996,123.78288269042969,4.796,17.27,0.4,0.0,0.1,2,Driving,0.552,30.0,Unknown
21.98537516593933,90.25933074951172,118.49980926513672,-0.0025056074373424053,124.97705841064453,5.078,18.28,1.0,0.0,0.1,2,Driving,0.548,30.0,Unknown
22.092374801635742,89.41873168945312,119.56774139404297,-0.00025463104248046875,126.41429901123047,5.855,21.08,1.0,0.0,0.2,2,Driving,0.549,30.0,Unknown
22.198375701904297,88.08680725097656,121.0205307006836,0.0005810164730064571,130.01524353027344,7.315,26.33,1.0,0.0,0.2,2,Driving,0.491,30.0,Unknown
22.30737543106079,86.64676666259766,122.39753723144531,0.002207527169957757,134.08360290527344,8.592,30.93,1.0,0.0,0.3,2,Driving,0.426,30.0,Unknown
22.41548228263855,84.88145446777344,123.86056518554688,0.005123557988554239,138.90444946289062,9.499,34.2,0.0,0.0,0.0,2,Driving,0.345,30.0,Unknown
22.525673627853394,82.81185150146484,125.62095642089844,-0.0017149733612313867,140.24070739746094,8.588,30.92,0.0,0.0,0.0,2,Driving,0.499,30.0,Unknown
22.634673833847046,81.26097869873047,126.89806365966797,-0.005505714099854231,140.53973388671875,7.585,27.31,0.0,0.0,0.0,2,Driving,0.731,30.0,Unknown
22.741201400756836,79.63384246826172,128.23110961914062,-0.0026646803598850965,140.60049438476562,6.48,23.33,0.0,0.0,0.0,2,Driving,1.102,30.0,Unknown
22.85119938850403,78.45177459716797,129.18801879882812,-0.0031728744506835938,140.79107666015625,5.739,20.66,0.4,0.0,0.1,2,Driving,1.444,30.0,Unknown
22.961201667785645,77.32478332519531,130.02574157714844,-0.00205402378924191,141.98800659179688,5.646,20.32,1.0,0.0,0.1,1,Driving,-1.737,30.0,Unknown
23.070202112197876,75.76849365234375,131.07872009277344,0.00013774869148619473,144.3616943359375,6.911,24.88,1.0,0.0,0.2,1,Driving,-1.302,30.0,Unknown
23.177199840545654,74.10884857177734,132.02548217773438,0.0021963880863040686,148.04098510742188,8.297,29.87,1.0,0.0,0.2,1,Driving,-0.899,30.0,Unknown
23.28420114517212,71.62338256835938,133.1576385498047,0.005393867380917072,154.28079223632812,9.863,35.51,0.0,0.0,0.3,1,Driving,-0.385,30.0,Unknown
23.394201040267944,69.28677368164062,133.89845275878906,0.010678291320800781,161.296142578125,9.581,34.49,0.0,0.0,0.3,1,Driving,-0.033,30.0,Unknown
23.50220274925232,66.68824005126953,134.3153533935547,0.014474601484835148,170.6096649169922,8.188,29.48,0.0,0.0,0.4,1,Driving,0.148,30.0,Unknown
23.612199068069458,64.78990936279297,134.2965545654297,0.013551139272749424,178.4860382080078,7.195,25.9,0.0,0.0,0.0,1,Driving,0.083,30.0,Unknown
23.72020125389099,63.107666015625,134.27490234375,0.002358512720093131,-178.6531982421875,6.306,22.7,0.0,0.0,0.0,1,Driving,0.07,30.0,Unknown
23.830199480056763,61.63721466064453,134.22885131835938,-0.005175742786377668,-178.17156982421875,5.48,19.73,0.0,0.0,0.0,1,Driving,0.032,30.0,Unknown
23.94020128250122,60.12004852294922,134.16783142089844,0.00015796661318745464,-178.00726318359375,4.689,16.88,0.0,0.0,0.0,1,Driving,-0.02,30.0,Unknown
24.051199674606323,59.0250358581543,134.12945556640625,-0.002130699111148715,-178.0007781982422,4.112,14.8,0.0,0.0,0.0,1,Driving,-0.052,30.0,Unknown
24.161199808120728,58.064300537109375,134.0978240966797,-0.004261131398379803,-177.9996337890625,3.606,12.98,0.0,0.0,0.0,1,Driving,-0.079,30.0,Unknown
24.27020025253296,57.20233917236328,134.069091796875,-0.0033453749492764473,-177.99761962890625,3.419,12.31,0.6,0.0,0.0,1,Driving,-0.103,30.0,Unknown
24.37920045852661,56.25981140136719,134.03628540039062,-0.0038843154907226562,-177.99874877929688,4.208,15.15,1.0,0.0,0.0,1,Driving,-0.13,30.0,Unknown
24.48920178413391,55.042152404785156,133.99314880371094,-0.004566612187772989,-177.9968719482422,5.308,19.11,1.0,0.0,0.0,1,Driving,-0.166,30.0,Unknown
24.600205659866333,53.62733840942383,133.94284057617188,-0.004119605757296085,-177.99974060058594,6.231,22.43,0.0,0.0,0.0,1,Driving,-0.209,30.0,Unknown
24.710294723510742,51.81181335449219,133.87945556640625,-0.004152107052505016,-178.0121307373047,5.798,20.87,0.0,0.0,0.0,1,Driving,-0.262,30.0,Unknown
24.81941533088684,50.45397186279297,133.83261108398438,-0.004179344046860933,-178.01290893554688,5.17,18.61,0.3,0.0,0.0,1,Driving,-0.301,30.0,Unknown
24.927415132522583,49.1799201965332,133.7886505126953,-0.004189109895378351,-178.012451171875,5.13,18.47,1.0,0.0,-0.0,1,Driving,-0.338,30.0,Unknown
25.033417463302612,47.79717254638672,133.76559448242188,-0.004131202585995197,-178.45094299316406,5.978,21.52,1.0,0.0,-0.1,1,Driving,-0.353,30.0,Unknown
25.145415782928467,46.08600997924805,133.74147033691406,-0.002982292091473937,-178.933349609375,7.195,25.9,0.0,0.0,0.0,1,Driving,-0.368,30.0,Unknown
25.25241494178772,44.02434539794922,133.7044677734375,-0.0041170883923769,-178.99012756347656,6.549,23.58,0.0,0.0,0.0,1,Driving,-0.393,30.0,Unknown
25.36041831970215,42.484046936035156,133.67849731445312,-0.004057502839714289,-178.9932861328125,5.956,21.44,0.6,0.0,0.0,1,Driving,-0.411,30.0,Unknown
25.471415281295776,40.98086929321289,133.65277099609375,-0.003945350646972656,-178.99252319335938,6.208,22.35,1.0,0.0,0.0,1,Driving,-0.428,30.0,Unknown
25.57941699028015,38.88432693481445,133.61940002441406,-0.004543342627584934,-179.0493621826172,7.692,27.69,1.0,0.0,-0.1,1,Driving,-0.45,30.0,Unknown
25.690935373306274,36.31736373901367,133.61883544921875,-0.0032597731333225965,-179.72479248046875,9.228,33.22,0.0,0.0,0.0,1,Driving,-0.436,30.0,Unknown
25.800936698913574,34.05638885498047,133.60836791992188,-0.0035273360554128885,-179.7936248779297,8.776,31.59,0.0,0.0,0.0,1,Driving,-0.434,30.0,Unknown
25.91293501853943,31.99738883972168,133.60145568847656,-0.004187736194580793,-179.80300903320312,7.855,28.28,0.3,0.0,0.0,1,Driving,-0.429,30.0,Unknown
26.02193522453308,29.718820571899414,133.59454345703125,-0.004030952230095863,-179.80296325683594,7.572,27.26,1.0,0.0,0.0,1,Driving,-0.423,30.0,Unknown
26.130934238433838,27.697511672973633,133.5878143310547,-0.004307441413402557,-179.802978515625,8.571,30.85,1.0,0.0,0.0,1,Driving,-0.419,30.0,Unknown
26.238935708999634,24.86857032775879,133.577880859375,-0.004683952312916517,-179.8023223876953,10.205,36.74,1.0,0.0,0.0,1,Driving,-0.413,30.0,Unknown
26.350935220718384,22.163461685180664,133.56837463378906,-0.004628639202564955,-179.8016815185547,11.114,40.01,0.0,0.0,0.0,1,Driving,-0.407,30.0,Unknown
26.459934949874878,19.504072189331055,133.55911254882812,-0.004241981543600559,-179.80154418945312,10.2,36.72,0.0,0.0,0.0,1,Driving,-0.402,30.0,Unknown
26.56693434715271,16.67128562927246,133.54937744140625,-0.003901634132489562,-179.80140686035156,8.802,31.69,0.0,0.0,0.0,1,Driving,-0.394,30.0,Unknown
26.677937746047974,14.213627815246582,133.54090881347656,-0.004097099415957928,-179.80137634277344,7.696,27.7,0.5,0.0,0.0,1,Driving,-0.376,30.0,Unknown
26.78693723678589,12.301883697509766,133.53453063964844,-0.004274558741599321,-179.80636596679688,7.72,27.79,1.0,0.0,0.0,1,Driving,-0.354,30.0,Unknown
26.893730401992798,10.234597206115723,133.52764892578125,-0.004559974651783705,-179.80845642089844,8.797,31.67,1.0,0.0,0.0,1,Driving,-0.322,30.0,Unknown
27.00388765335083,7.339092254638672,133.51795959472656,-0.004695854149758816,-179.80862426757812,10.441,37.59,1.0,0.0,0.0,1,Driving,-0.274,30.0,Unknown
27.115477561950684,4.665798664093018,133.509033203125,-0.004581794608384371,-179.80859375,10.564,38.03,0.0,0.0,0.0,1,Driving,-0.241,30.0,Unknown
27.225476026535034,1.7106432914733887,133.49916076660156,-0.004022025968879461,-179.80862426757812,9.267,33.36,0.0,0.0,0.0,1,Driving,-0.223,30.0,Unknown
27.33747696876526,-0.858227014541626,133.49058532714844,-0.003982505761086941,-179.8087158203125,7.951,28.62,0.0,0.0,0.0,-1,Driving,-0.215,30.0,Unknown
27.44547724723816,-3.0644214153289795,133.4832305908203,-0.00417949678376317,-179.80873107910156,6.788,24.44,0.0,0.0,0.0,-1,Driving,-0.209,30.0,Unknown
27.55547833442688,-4.650760173797607,133.47793579101562,-0.004215355031192303,-179.80877685546875,5.939,21.38,0.0,0.0,0.0,-1,Driving,-0.205,30.0,Unknown
27.663477420806885,-6.291604042053223,133.4724578857422,-0.00420940387994051,-179.808837890625,5.053,18.19,0.0,0.0,0.0,-1,Driving,-0.2,30.0,Unknown
27.770999908447266,-7.474208354949951,133.468505859375,-0.004475440829992294,-179.808837890625,4.436,15.97,0.0,0.0,0.0,-1,Driving,-0.197,30.0,Unknown
27.881001472473145,-8.511423110961914,133.46505737304688,-0.004477577283978462,-179.808837890625,3.889,14.0,0.0,0.0,0.0,-1,Driving,-0.194,30.0,Unknown
27.992000818252563,-9.591998100280762,133.46142578125,-0.004406013526022434,-179.80885314941406,3.383,12.18,0.3,0.0,0.0,-1,Driving,-0.191,30.0,Unknown
28.103001356124878,-10.465116500854492,133.45848083496094,-0.004509315360337496,-179.80885314941406,3.758,13.53,1.0,0.0,0.0,-1,Driving,-0.188,30.0,Unknown
28.21400237083435,-11.822370529174805,133.45394897460938,-0.004689521621912718,-179.808837890625,5.216,18.78,1.0,0.0,0.0,-1,Driving,-0.184,30.0,Unknown
28.324005126953125,-13.506453514099121,133.44833374023438,-0.004483757074922323,-179.8087158203125,6.163,22.19,1.0,0.0,0.0,-1,Driving,-0.18,30.0,Unknown
28.434001684188843,-15.204683303833008,133.4427032470703,-0.004538306966423988,-179.8105926513672,7.184,25.86,0.0,0.0,0.0,-1,Driving,-0.175,30.0,Unknown
28.5440034866333,-17.27903175354004,133.43588256835938,-0.004336204379796982,-179.8120574951172,6.591,23.73,0.0,0.0,0.0,-1,Driving,-0.169,30.0,Green
28.65400266647339,-19.121601104736328,133.42982482910156,-0.004120521247386932,-179.8121795654297,5.867,21.12,0.7,0.0,0.0,-1,Driving,-0.164,30.0,Green
28.760002613067627,-20.61727523803711,133.42486572265625,-0.004334220662713051,-179.81222534179688,6.25,22.5,1.0,0.0,0.0,-1,Driving,-0.159,30.0,Green
28.868001222610474,-22.73133087158203,133.41436767578125,-0.00461017619818449,-179.75514221191406,7.784,28.02,1.0,0.0,0.1,-1,Driving,-0.157,30.0,Green
28.979002475738525,-25.230688095092773,133.38694763183594,-0.00397693645209074,-179.46986389160156,8.392,30.21,0.0,0.0,0.0,-1,Driving,-0.169,30.0,Green
29.08700203895569,-27.215099334716797,133.3685302734375,-0.003912315238267183,-179.4431915283203,7.599,27.36,0.0,0.0,0.0,-1,Driving,-0.175,30.0,Green
29.195399522781372,-28.98833465576172,133.35105895996094,-0.00407611858099699,-179.4399871826172,6.684,24.06,0.0,0.0,0.0,-1,Driving,-0.182,30.0,Unknown
29.303401470184326,-30.84209442138672,133.33261108398438,-0.004081916529685259,-179.4401092529297,5.694,20.5,0.0,0.0,0.0,-1,Driving,-0.189,30.0,Unknown
29.41202402114868,-32.17026138305664,133.29652404785156,-0.003564491169527173,-179.00927734375,4.971,17.9,0.0,0.0,0.0,-1,Driving,-0.217,30.0,Unknown
29.52302384376526,-33.54707336425781,133.27178955078125,-0.004032630939036608,-178.96278381347656,4.248,15.29,0.0,0.0,0.0,-1,Driving,-0.233,30.0,Unknown
29.634023427963257,-34.72287368774414,133.25010681152344,-0.004396629054099321,-178.96315002441406,3.631,13.07,0.0,0.0,0.0,-1,Driving,-0.248,30.0,Unknown
29.739023208618164,-35.574241638183594,133.23448181152344,-0.004196815192699432,-178.9632110595703,3.238,11.66,0.3,0.0,0.0,-1,Driving,-0.258,30.0,Unknown
29.84754967689514,-36.58423614501953,133.21621704101562,-0.004488945007324219,-178.9631805419922,3.71,13.36,1.0,0.0,0.0,-1,Driving,-0.27,30.0,Unknown
29.95754837989807,-37.782997131347656,133.19467163085938,-0.004613914526998997,-178.96331787109375,3.896,14.03,0.0,0.0,0.0,-1,Driving,-0.284,30.0,Unknown
30.067550897598267,-38.86064910888672,133.1752166748047,-0.004366264212876558,-178.9633331298828,3.368,12.13,0.0,0.0,0.0,-1,Driving,-0.297,30.0,Unknown
30.17854928970337,-39.64518356323242,133.1610107421875,-0.004350624047219753,-178.9634246826172,2.952,10.63,0.0,0.0,0.0,-1,Driving,-0.306,30.0,Unknown
30.284547328948975,-40.46491622924805,133.14613342285156,-0.004417304880917072,-178.9634246826172,2.521,9.07,0.0,0.0,0.0,-1,Driving,-0.316,30.0,Unknown
30.392550230026245,-41.16482162475586,133.1334686279297,-0.00446193665266037,-178.9634246826172,2.156,7.76,0.0,0.0,0.0,-1,Driving,-0.325,30.0,Unknown
30.502550840377808,-41.762107849121094,133.1226806640625,-0.00446880329400301,-178.9634246826172,1.845,6.64,0.0,0.0,0.0,-1,Driving,-0.332,30.0,Unknown
30.611549377441406,-42.187435150146484,133.11502075195312,-0.004458046052604914,-178.9634246826172,1.641,5.91,0.5,0.0,0.0,-1,Driving,-0.337,30.0,Unknown
30.721548557281494,-42.78504180908203,133.07388305664062,-0.003878745948895812,-178.36878967285156,2.538,9.14,1.0,0.0,0.1,-1,Driving,-0.374,30.0,Unknown
30.830551385879517,-43.80467987060547,132.97244262695312,-0.0029565810691565275,-177.00746154785156,4.167,15.0,1.0,0.0,0.2,-1,Driving,-0.469,30.0,Unknown
30.939550399780273,-44.99794387817383,132.77391052246094,-0.0009080886375159025,-174.44471740722656,5.428,19.54,1.0,0.0,0.2,-1,Driving,-0.661,30.0,Unknown
31.048550367355347,-46.70925521850586,132.5482940673828,-0.002040595980361104,-173.1947021484375,6.37,22.93,1.0,0.0,0.0,-1,Driving,-0.876,30.0,Unknown
31.156550407409668,-48.47140121459961,132.33218383789062,-0.0038377761375159025,-173.1227569580078,7.759,27.93,1.0,0.0,0.0,-1,Driving,-1.081,30.0,Unknown
31.26854968070984,-51.04142379760742,132.02130126953125,-0.0029362868517637253,-173.16171264648438,9.42,33.91,1.0,0.0,-0.1,-1,Driving,-1.376,30.0,Unknown
31.376554489135742,-54.11054611206055,131.7325897216797,-0.002320899860933423,-174.37399291992188,11.079,39.89,1.0,0.0,0.0,-1,Driving,-1.646,30.0,Unknown
31.484334230422974,-57.03006362915039,131.4474639892578,-0.003802452003583312,-174.53062438964844,12.326,44.37,1.0,0.0,0.0,1,Driving,0.197,30.0,Unknown
31.592016458511353,-60.91230392456055,131.07752990722656,-0.00485088350251317,-174.5580291748047,13.432,48.35,1.0,0.0,0.0,-2,Driving,1.241,30.0,Unknown
31.70102047920227,-64.23643493652344,130.7568359375,-0.0021004867739975452,-174.47677612304688,13.328,47.98,1.0,0.0,0.1,-2,Driving,0.979,30.0,Unknown
31.813015699386597,-67.06893157958984,130.31898498535156,0.03579845279455185,-167.64022827148438,10.218,36.79,0.0,0.0,0.1,-2,Driving,0.796,30.0,Unknown
31.921016216278076,-69.17537689208984,129.81324768066406,0.03653331845998764,-164.6534423828125,7.899,28.43,0.0,0.0,0.2,-2,Driving,0.624,30.0,Unknown
32.02901768684387,-71.15912628173828,129.1811981201172,0.024280203506350517,-162.61912536621094,6.165,22.2,0.0,0.0,0.2,-2,Driving,0.425,30.0,Unknown
32.13901686668396,-72.46473693847656,128.67718505859375,0.012967109680175781,-161.07264709472656,5.157,18.57,0.0,0.0,0.0,-2,Driving,0.273,30.0,Unknown
32.2470166683197,-73.6485366821289,128.25303649902344,0.002557105850428343,-160.81419372558594,4.93,17.75,0.0,0.0,0.0,-2,Driving,0.21,30.0,Unknown
32.357017040252686,-75.00997161865234,127.77455139160156,-0.0030816267244517803,-160.8165740966797,4.711,16.96,0.0,0.0,0.0,-2,Driving,0.201,30.0,Unknown
32.46301770210266,-76.101806640625,127.3676528930664,-0.0044222641736269,-160.35862731933594,4.655,16.76,0.0,0.0,0.1,-2,Driving,0.213,30.0,Unknown
32.5740168094635,-77.17366027832031,126.91735076904297,-0.002279090927913785,-159.0893096923828,4.635,16.69,0.0,0.0,0.1,-2,Driving,0.213,30.0,Unknown
32.68202042579651,-78.12830352783203,126.46906280517578,0.0003601455537136644,-157.51441955566406,3.895,14.02,0.6,0.0,0.2,-2,Driving,0.202,30.0,Unknown
32.78801679611206,-79.24080657958984,125.84788513183594,-0.00034770966158248484,-154.73265075683594,4.799,17.28,1.0,0.0,0.2,-2,Driving,0.139,30.0,Unknown
32.895018100738525,-80.3402099609375,125.12836456298828,-0.0011444472474977374,-151.32455444335938,5.301,19.08,0.0,0.0,0.3,-2,Driving,0.027,30.0,Unknown
33.00601840019226,-81.35139465332031,124.35604095458984,0.0001929092250065878,-147.53282165527344,4.945,17.8,0.0,0.0,0.3,-2,Driving,-0.129,30.0,Unknown
33.11401963233948,-82.32147979736328,123.40424346923828,0.002063484163954854,-142.1478729248047,4.251,15.3,0.0,0.0,0.0,-2,Driving,-0.413,30.0,Unknown
33.22302031517029,-83.08503723144531,122.7719497680664,-0.002126350300386548,-141.3650360107422,3.717,13.38,0.0,0.0,0.0,-2,Driving,-0.507,30.0,Unknown
33.332016944885254,-83.76260375976562,122.22319030761719,-0.0009066390921361744,-141.36221313476562,3.264,11.75,0.0,0.0,0.0,-2,Driving,-0.559,30.0,Unknown
33.43801736831665,-84.35816192626953,121.74373626708984,-0.0002363967796554789,-141.3623504638672,2.902,10.45,0.4,0.0,0.0,-2,Driving,-0.584,30.0,Unknown
33.54501676559448,-84.95338439941406,121.26873779296875,-0.004077949561178684,-141.36183166503906,3.34,12.02,1.0,0.0,0.0,-2,Driving,-0.59,30.0,Unknown
33.653019428253174,-85.7345199584961,120.64195251464844,-0.004513053689152002,-141.30471801757812,4.575,16.47,1.0,0.0,0.1,-2,Driving,-0.575,30.0,Unknown
33.76107859611511,-86.9215316772461,119.6003646850586,-0.0012206649407744408,-139.99075317382812,5.823,20.96,1.0,0.0,0.0,-2,Driving,-0.567,30.0,Unknown
33.87059688568115,-88.16217803955078,118.55097198486328,-0.002806510776281357,-139.7327880859375,7.162,25.78,1.0,0.0,0.0,-2,Driving,-0.457,30.0,Unknown
33.97659707069397,-89.64055633544922,117.29376983642578,-0.004325294401496649,-139.6501007080078,8.326,29.97,1.0,0.0,0.0,-2,Driving,-0.235,30.0,Unknown
34.08259654045105,-91.35516357421875,115.8365478515625,-0.003835334675386548,-139.65924072265625,9.685,34.86,1.0,0.0,0.0,-2,Driving,0.148,30.0,Unknown
34.19259762763977,-93.3259048461914,114.1393051147461,-0.004300803877413273,-139.3688201904297,11.025,39.69,1.0,0.0,0.1,-2,Driving,0.737,30.0,Unknown
34.30359768867493,-95.4480972290039,112.14095306396484,-0.0006064986810088158,-137.06185913085938,12.242,44.07,1.0,0.0,0.1,-2,Driving,1.435,30.0,Unknown
34.41512584686279,-97.64376831054688,109.84185028076172,0.005792274139821529,-133.4350128173828,12.903,46.45,0.0,0.0,0.2,-1,Driving,-1.332,30.0,Unknown
34.52312421798706,-99.55594635009766,107.44578552246094,0.012275352142751217,-127.977783203125,11.702,42.13,0.0,0.0,0.2,-1,Driving,-0.758,30.0,Unknown
34.63412594795227,-101.24241638183594,104.71250915527344,0.015524329617619514,-120.35691833496094,9.947,35.81,0.0,0.0,0.3,-1,Driving,-0.397,30.0,Unknown
34.743125200271606,-102.27901458740234,102.17805480957031,0.01425960473716259,-111.87556457519531,8.441,30.39,0.0,0.0,0.4,-1,Driving,-0.423,30.0,Unknown
34.853123903274536,-102.73695373535156,99.91683197021484,0.010386085137724876,-103.03453063964844,7.145,25.72,0.0,0.0,0.0,-1,Driving,-0.794,30.0,Unknown
34.961124658584595,-103.04100036621094,98.27532958984375,0.0005952835199423134,-100.3202896118164,6.269,22.57,0.0,0.0,0.0,-1,Driving,-1.043,30.0,Unknown
35.0721230506897,-103.33423614501953,96.57077026367188,-0.0031767652835696936,-99.94219970703125,5.313,19.13,0.0,0.0,0.0,-1,Driving,-1.281,30.0,Unknown
35.18212294578552,-103.56694793701172,95.3420181274414,-0.00981647428125143,-100.1839370727539,4.813,17.33,0.0,0.0,0.0,-1,Driving,-1.406,30.0,Unknown
35.290125131607056,-103.83131408691406,94.00029754638672,-0.0179318618029356,-100.69889831542969,4.317,15.54,0.0,0.0,0.0,-1,Driving,-1.506,30.0,Unknown
35.40212535858154,-104.0510025024414,92.82422637939453,-0.0001479721104260534,-100.74040222167969,3.671,13.22,0.0,0.0,0.0,-1,Driving,-1.583,30.0,Unknown
35.51012301445007,-104.24504852294922,91.8196792602539,0.00028682706761173904,-100.7386474609375,3.22,11.59,0.3,0.0,0.0,-1,Driving,-1.626,30.0,Unknown
35.62212371826172,-104.43757629394531,90.81841278076172,-0.002579078543931246,-100.74121856689453,3.784,13.62,1.0,0.0,0.0,-1,Driving,-1.655,30.0,Unknown
35.73012447357178,-104.64911651611328,89.73960876464844,-0.009501457214355469,-100.77082824707031,4.957,17.84,1.0,0.0,0.0,-1,Driving,-1.664,30.0,Unknown
35.84112215042114,-104.95494079589844,88.1124038696289,-0.004391517490148544,-100.77488708496094,5.788,20.84,0.0,0.0,0.0,-1,Driving,-1.658,30.0,Unknown
35.94918394088745,-105.21240234375,86.75018310546875,-0.001579933101311326,-100.77503967285156,5.345,19.24,0.0,0.0,0.0,-1,Driving,-1.621,30.0,Unknown
36.06025791168213,-105.49163818359375,85.28682708740234,-0.003963737282902002,-100.76439666748047,4.657,16.76,0.0,0.0,0.0,-1,Driving,-1.547,30.0,Unknown
36.16986703872681,-105.68892669677734,84.25251007080078,-0.004338264465332031,-100.76396179199219,3.59,12.92,0.0,1.0,0.0,-1,Driving,-1.475,30.0,Unknown
36.279866456985474,-105.83871459960938,83.46526336669922,-0.004011268727481365,-100.76526641845703,2.026,7.29,0.0,0.0,0.0,-1,Driving,-1.41,30.0,Unknown
36.385868072509766,-105.92906188964844,82.98939514160156,-0.004268608056008816,-100.7640380859375,1.796,6.46,0.0,0.0,0.0,-1,Driving,-1.366,30.0,Unknown
36.49286723136902,-106.02300262451172,82.49470520019531,-0.004347419831901789,-100.76393127441406,1.538,5.54,0.0,0.0,0.0,-1,Driving,-1.317,30.0,Unknown
36.59986615180969,-106.10074615478516,82.08595275878906,-0.004490470979362726,-100.76591491699219,1.425,5.13,0.7,0.0,0.0,-1,Driving,-1.273,30.0,Unknown
36.70986819267273,-106.1890869140625,81.62184143066406,-0.004625358618795872,-100.76817321777344,2.432,8.76,1.0,0.0,0.0,-1,Driving,-1.221,30.0,Unknown
36.81686758995056,-106.3368148803711,80.84514617919922,-0.004731254652142525,-100.76642608642578,3.69,13.28,0.0,0.0,0.0,-1,Driving,-1.126,30.0,Unknown
36.926867961883545,-106.5072021484375,79.94900512695312,-0.004658699035644531,-100.7677993774414,3.538,12.74,0.0,0.0,0.0,-1,Driving,-1.006,30.0,Unknown
37.036869049072266,-106.66045379638672,79.14299774169922,-0.004372062627226114,-100.76618194580078,3.128,11.26,0.0,0.0,0.0,-1,Driving,-0.887,30.0,Unknown
37.14586806297302,-106.81934356689453,78.29460906982422,-0.004315299913287163,-100.72444152832031,2.682,9.65,0.3,0.0,0.1,-1,Driving,-0.755,30.0,Unknown
37.253867864608765,-106.91270446777344,77.60137939453125,-0.003474082797765732,-99.99496459960938,3.027,10.9,0.9,0.0,0.1,-1,Driving,-0.675,30.0,Unknown
37.360867500305176,-107.0074462890625,76.69758605957031,-0.0025515365414321423,-98.77118682861328,4.078,14.68,0.0,0.0,0.2,-1,Driving,-0.588,30.0,Unknown
37.46786713600159,-107.1615982055664,75.51815795898438,-0.0034111402928829193,-98.20404815673828,3.767,13.56,0.0,0.0,0.0,-1,Driving,-0.426,30.0,Unknown
37.57787013053894,-107.30755615234375,74.49164581298828,-0.0034516523592174053,-98.20242309570312,3.235,11.65,0.0,0.0,0.0,-1,Driving,-0.269,30.0,Unknown
37.68586778640747,-107.4346923828125,73.60425567626953,-0.003310737432911992,-98.20211029052734,2.759,9.93,0.0,0.0,0.0,-1,Driving,-0.131,30.0,Unknown
37.79338788986206,-107.52739715576172,72.96302795410156,-0.004426002502441406,-98.2033462524414,2.421,8.71,0.0,0.0,0.0,-1,Driving,-0.032,30.0,Unknown
37.90138864517212,-107.62364196777344,72.2984619140625,-0.004221992567181587,-98.20355987548828,2.072,7.46,0.0,0.0,0.0,-1,Driving,0.072,30.0,Unknown
38.01039004325867,-107.69281005859375,71.81932830810547,-0.004128684755414724,-98.20203399658203,1.82,6.55,0.0,0.0,0.0,-1,Driving,0.147,30.0,Unknown
38.12038850784302,-107.7646484375,71.32038116455078,-0.004451103042811155,-98.20207977294922,1.556,5.6,0.0,0.0,0.0,-1,Driving,0.224,30.0,Unknown
38.22974371910095,-107.80661010742188,71.02835845947266,-0.004408912733197212,-98.20195770263672,1.402,5.05,0.0,0.0,0.0,-1,Driving,0.269,30.0,Unknown
38.338330030441284,-107.84247589111328,70.64260864257812,-0.004026145674288273,-97.80146026611328,1.195,4.3,0.0,0.0,0.1,-1,Driving,0.309,30.0,Unknown
38.44994640350342,-107.86753845214844,70.31294250488281,-0.0037681960966438055,-97.3780288696289,1.017,3.66,0.0,0.0,0.0,-1,Driving,0.338,30.0,Unknown
38.55794310569763,-107.8976821899414,70.07687377929688,-0.00423648813739419,-97.36980438232422,0.893,3.22,0.0,0.0,0.0,-1,Driving,0.371,30.0,Unknown
38.665945053100586,-107.92913055419922,69.83126831054688,-0.003925132565200329,-97.36956024169922,0.764,2.75,0.0,0.0,0.0,-1,Driving,0.405,30.0,Unknown
38.77594542503357,-107.95051574707031,69.66061401367188,-0.004196739289909601,-97.35403442382812,0.66,2.38,0.6,0.0,0.1,-1,Driving,0.429,30.0,Unknown
38.88594436645508,-107.97604370117188,69.307373046875,-0.004197120666503906,-96.94161224365234,1.779,6.4,1.0,0.0,0.1,-1,Driving,0.458,30.0,Unknown
38.99394416809082,-107.99898529052734,68.68535614013672,-0.0033363723196089268,-95.89134979248047,3.107,11.18,1.0,0.0,0.2,-1,Driving,0.488,30.0,Unknown
39.103464126586914,-107.98107147216797,67.49981689453125,-0.0012324905255809426,-93.30044555664062,4.719,16.99,1.0,0.0,0.2,-1,Driving,0.483,30.0,Unknown
39.21546411514282,-107.85414123535156,65.9190444946289,0.0006230545113794506,-89.28863525390625,5.66,20.38,0.0,0.0,0.3,-1,Driving,0.374,30.0,Unknown
39.32446599006653,-107.7111587524414,64.50103759765625,0.000799903878942132,-86.53410339355469,5.636,20.29,0.0,0.0,0.0,-1,Driving,0.247,30.0,Unknown
39.433465003967285,-107.60233306884766,62.92099380493164,-0.0034904861822724342,-86.0538330078125,4.965,17.87,0.0,0.0,0.0,-1,Driving,0.156,30.0,Unknown
39.542463064193726,-107.50282287597656,61.53782653808594,-0.0019594954792410135,-86.02371978759766,4.288,15.44,0.0,0.0,0.0,-1,Driving,0.072,30.0,Unknown
39.64846444129944,-107.45389556884766,60.53677749633789,-0.003028602572157979,-86.41561126708984,3.749,13.49,0.0,0.0,-0.1,-1,Driving,0.034,30.0,Unknown
39.75646448135376,-107.4078369140625,59.6602897644043,-0.00445354450494051,-86.62200164794922,3.295,11.86,0.0,0.0,0.0,-1,Driving,-0.002,30.0,Unknown
39.86546611785889,-107.36333465576172,58.88663101196289,-0.003852271940559149,-86.62545013427734,2.988,10.76,0.4,0.0,0.0,-1,Driving,-0.038,30.0,Unknown
39.97546744346619,-107.27690887451172,57.90929412841797,-0.0031532668508589268,-86.07042694091797,3.771,13.57,1.0,0.0,0.1,-1,Driving,-0.113,30.0,Unknown
40.08346390724182,-107.17108917236328,56.53650665283203,-0.003882560646161437,-85.83367156982422,5.306,19.1,1.0,0.0,0.0,-1,Driving,-0.204,30.0,Unknown
40.19046664237976,-107.07669067382812,55.20496368408203,0.0018503188621252775,-86.07403564453125,5.284,19.02,1.0,0.0,0.0,-1,Driving,-0.283,30.0,Green
40.29946517944336,-107.00001525878906,54.07814025878906,0.026362571865320206,-86.92900848388672,3.938,14.18,1.0,0.0,0.0,-1,Driving,-0.347,30.0,Green
40.407463788986206,-106.93047332763672,52.68578338623047,0.014332618564367294,-87.47943115234375,4.973,17.9,1.0,0.0,0.0,-1,Driving,-0.401,30.0,Green
40.51469445228577,-106.8801040649414,51.473934173583984,0.008156013675034046,-87.95735931396484,4.855,17.48,1.0,0.0,0.0,-1,Driving,-0.438,30.0,Green
40.62427377700806,-106.83631896972656,50.14741134643555,0.0032201004214584827,-88.20075225830078,5.688,20.48,1.0,0.0,0.0,-1,Driving,-0.467,30.0,Green
40.731273889541626,-106.79249572753906,48.30291748046875,0.001685829134657979,-88.64425659179688,6.407,23.07,1.0,0.0,0.0,-1,Driving,-0.49,30.0,Green
40.83927392959595,-106.75435638427734,46.703548431396484,0.008326606824994087,-88.95037078857422,6.42,23.11,1.0,0.0,0.0,-1,Driving,-0.51,30.0,Green
40.94827461242676,-106.71278381347656,44.76738357543945,0.012228203006088734,-89.34042358398438,6.456,23.24,1.0,0.0,0.0,-1,Driving,-0.53,30.0,Green
41.05627202987671,-106.6821060180664,43.27407455444336,0.02596965804696083,-89.44011688232422,5.317,19.14,1.0,0.0,0.0,-1,Driving,-0.544,30.0,Unknown
41.16279101371765,-106.63337707519531,41.57510757446289,0.011433372274041176,-88.77714538574219,5.946,21.41,1.0,0.0,0.1,-1,Driving,-0.574,30.0,Unknown
41.26978945732117,-106.55207824707031,40.17303466796875,0.010484428144991398,-87.6937255859375,5.114,18.41,1.0,0.0,0.0,-1,Driving,-0.639,30.0,Unknown
41.379793643951416,-106.4216079711914,38.499385833740234,0.010213127359747887,-86.15863800048828,5.873,21.14,1.0,0.0,0.0,-1,Driving,-0.751,30.0,Unknown
41.48979067802429,-106.21006774902344,36.77626037597656,0.010504340752959251,-83.68163299560547,5.473,19.7,0.0,0.0,0.0,-1,Driving,-0.865,30.0,Unknown
41.59779191017151,-106.02549743652344,35.527339935302734,0.013883399777114391,-82.15531921386719,4.808,17.31,0.0,0.0,0.0,-1,Driving,-0.848,30.0,Unknown
41.70779037475586,-105.86795043945312,34.40473175048828,0.001413536025211215,-82.02467346191406,4.293,15.45,0.0,0.0,0.0,-1,Driving,-0.728,30.0,Unknown
41.81679058074951,-105.70162963867188,33.230712890625,-0.007829398848116398,-82.02540588378906,3.67,13.21,0.0,0.0,0.0,-1,Driving,-0.512,30.0,Unknown
41.92779064178467,-105.55929565429688,32.22164535522461,-0.003464774927124381,-82.02345275878906,3.15,11.34,0.0,0.0,0.0,-1,Driving,-0.252,30.0,Unknown
42.03378868103027,-105.45730590820312,31.4936466217041,-0.00329387653619051,-82.02898406982422,2.74,9.86,0.2,0.0,0.0,-1,Driving,-0.024,30.0,Unknown
42.14478898048401,-105.34120178222656,30.65924072265625,-0.004286994691938162,-82.06065368652344,3.054,10.99,0.9,0.0,0.0,-1,Driving,0.278,30.0,Unknown
42.254788398742676,-105.21440887451172,29.748380661010742,-0.004605521913617849,-82.0650634765625,4.246,15.29,1.0,0.0,0.0,-1,Driving,0.652,30.0,Unknown
42.36479210853577,-105.06281280517578,28.256847381591797,-0.0034904861822724342,-83.0843734741211,5.422,19.52,1.0,0.0,-0.1,-1,Driving,1.402,30.0,Unknown
42.474788188934326,-104.91452026367188,26.39246940612793,-0.0006132125854492188,-84.55624389648438,6.955,25.04,1.0,0.0,0.0,1,Driving,-1.437,30.0,Unknown
42.58479070663452,-104.7022933959961,24.10270118713379,-0.004311027470976114,-84.73503875732422,8.409,30.27,1.0,0.0,0.0,1,Driving,0.548,30.0,Unknown
42.69479060173035,-104.45075225830078,21.33294105529785,-0.004241066053509712,-84.75460052490234,10.068,36.24,1.0,0.0,0.0,1,Driving,-0.395,30.0,Unknown
42.80214834213257,-104.20526123046875,18.645183563232422,-0.0038359451573342085,-84.75897216796875,11.439,41.18,1.0,0.0,0.0,1,Driving,0.316,30.0,Unknown
42.910054206848145,-104.02596282958984,15.63882064819336,-0.0025949478149414062,-86.34225463867188,12.613,45.41,1.0,0.0,-0.1,1,Driving,-2.336,30.0,Unknown
43.019635915756226,-103.8729248046875,11.689424514770508,0.00281352992169559,-88.24726104736328,13.427,48.34,1.0,0.0,0.0,1,Driving,2.164,30.0,Unknown
43.131638288497925,-103.74481964111328,7.683939456939697,-0.0016660690307617188,-88.52808380126953,13.405,48.26,1.0,0.0,0.0,1,Driving,-0.923,30.0,Unknown
43.24216151237488,-103.63795471191406,3.501213312149048,-0.005973319988697767,-88.56880950927734,14.692,52.89,1.0,0.0,0.0,1,Driving,0.69,30.0,Unknown
43.351162910461426,-103.50691223144531,-1.8798959255218506,-0.0038525008130818605,-88.58040618896484,15.947,57.41,1.0,0.0,0.0,1,Driving,0.287,30.0,Unknown
43.4611611366272,-103.40615844726562,-5.967653751373291,-0.003940544091165066,-88.58300018310547,16.76,60.34,1.0,0.0,0.0,-2,Driving,0.232,30.0,Unknown
43.571160554885864,-103.24785614013672,-11.073904991149902,-0.004010581877082586,-88.11058044433594,16.998,61.19,0.0,0.0,0.0,-2,Driving,0.131,30.0,Unknown
43.677161693573,-103.08399200439453,-16.050539016723633,-0.0027892685029655695,-87.9518814086914,16.253,58.51,0.0,0.0,0.0,-2,Driving,0.023,30.0,Unknown
43.787161111831665,-102.88191986083984,-21.655473709106445,-0.0022797775454819202,-87.66256713867188,15.971,57.49,0.0,0.0,0.0,-2,Driving,-0.116,30.0,Unknown
43.893163204193115,-102.69721221923828,-25.65738296508789,-0.03725360706448555,-87.20232391357422,15.923,57.32,0.0,0.0,0.1,-2,Driving,-0.089,30.0,Unknown
44.001160621643066,-102.24823760986328,-30.35405921936035,0.002191429026424885,-83.75314331054688,11.957,43.04,0.0,0.0,0.1,-2,Driving,0.216,30.0,Unknown
44.10916209220886,-101.68556213378906,-33.58152389526367,0.015386314131319523,-79.14790344238281,10.055,36.2,0.0,0.0,0.2,-2,Driving,0.493,30.0,Unknown
44.217161655426025,-100.90593719482422,-36.2645378112793,0.011917686089873314,-73.44376373291016,8.609,30.99,0.0,0.0,0.2,-2,Driving,0.628,30.0,Unknown
44.326162815093994,-99.97649383544922,-38.4457893371582,0.005289650056511164,-67.72613525390625,7.301,26.28,0.0,0.0,0.3,-2,Driving,0.606,30.0,Unknown
44.43416142463684,-98.94438171386719,-40.1684455871582,0.0028178023640066385,-61.463775634765625,6.208,22.35,0.0,0.0,0.3,-2,Driving,0.419,30.0,Unknown
44.54216146469116,-98.0409164428711,-41.62863540649414,-0.0029858779162168503,-58.874794006347656,5.277,19.0,0.0,0.0,0.0,-2,Driving,0.311,30.0,Unknown
44.650160789489746,-97.27710723876953,-42.87255096435547,-0.0018249129643663764,-58.6076774597168,4.506,16.22,0.0,0.0,0.0,-2,Driving,0.281,30.0,Unknown
44.76216125488281,-96.6214370727539,-43.93680191040039,-0.0015767287695780396,-58.55088424682617,3.89,14.0,0.3,0.0,0.1,-2,Driving,0.295,30.0,Unknown
44.8706841468811,-96.06694793701172,-44.745872497558594,-0.0032406996469944715,-57.55906677246094,4.087,14.71,0.9,0.0,0.1,-2,Driving,0.285,30.0,Unknown
44.98068380355835,-95.38560485839844,-45.68922424316406,-0.0011124801822006702,-56.21482849121094,5.177,18.64,1.0,0.0,0.2,-2,Driving,0.275,30.0,Unknown
45.08904004096985,-94.30711364746094,-46.97426223754883,0.0009553146082907915,-52.87683868408203,6.298,22.67,1.0,0.0,0.2,-2,Driving,0.196,30.0,Unknown
45.195616245269775,-93.11766052246094,-48.21687316894531,0.0013028335524722934,-49.126121520996094,7.435,26.76,1.0,0.0,0.3,-2,Driving,0.076,30.0,Unknown
45.30561804771423,-91.72761535644531,-49.564231872558594,0.0019462966592982411,-45.652427673339844,7.758,27.93,0.0,0.0,0.0,-2,Driving,-0.018,30.0,Unknown
45.41662001609802,-90.18890380859375,-51.11769485473633,-0.004122581332921982,-45.006195068359375,6.87,24.73,0.0,0.0,0.0,-2,Driving,0.072,30.0,Unknown
45.528616189956665,-89.0382080078125,-52.256126403808594,-0.0031534957233816385,-44.86265563964844,6.216,22.38,0.6,0.0,0.1,-2,Driving,0.227,30.0,Unknown
45.63761854171753,-87.63015747070312,-53.52972412109375,-0.002813148545101285,-43.29965591430664,6.656,23.96,1.0,0.0,0.1,-2,Driving,0.434,30.0,Unknown
45.746617555618286,-85.89868927001953,-54.9537353515625,0.0017959976103156805,-40.55389404296875,8.243,29.67,1.0,0.0,0.2,-2,Driving,0.727,30.0,Unknown
45.85661792755127,-84.0680923461914,-56.22321319580078,0.004828529432415962,-36.360042572021484,9.545,34.36,1.0,0.0,0.2,-2,Driving,0.999,30.0,Unknown
45.96461725234985,-81.36871337890625,-57.74541473388672,0.00769664766266942,-29.7613525390625,11.087,39.91,1.0,0.0,0.3,-2,Driving,1.358,30.0,Unknown
46.07361817359924,-78.71438598632812,-58.80031204223633,0.01339389756321907,-21.93321418762207,11.451,41.22,0.0,0.0,0.3,-2,Driving,1.578,30.0,Unknown
46.17961525917053,-75.62760925292969,-59.49039840698242,0.019957084208726883,-11.300737380981445,9.868,35.52,0.0,0.0,0.4,-2,Driving,1.627,30.0,Unknown
46.28762078285217,-73.34272766113281,-59.717952728271484,0.01683277077972889,-4.708711624145508,8.706,31.34,0.0,0.0,0.0,-2,Driving,1.586,30.0,Red
46.396618604660034,-70.92736053466797,-59.91790771484375,-0.0041989516466856,-3.4497079849243164,7.455,26.84,0.0,0.0,0.0,-2,Driving,1.687,30.0,Red
46.505616664886475,-69.18496704101562,-60.011966705322266,-0.00529277790337801,-3.3487560749053955,6.526,23.49,0.0,0.0,0.0,-1,Driving,-1.703,30.0,Red
46.617615699768066,-67.3818588256836,-60.108070373535156,0.00036685942905023694,-3.342438220977783,5.571,20.06,0.0,0.0,0.0,-1,Driving,-1.588,30.0,Red
46.727619647979736,-66.08409881591797,-60.18428039550781,-0.0030114364344626665,-3.3439338207244873,4.878,17.56,0.0,0.0,0.0,-1,Driving,-1.498,30.0,Red
46.83561944961548,-64.94610595703125,-60.25251770019531,-0.004286536946892738,-3.341858386993408,4.273,15.38,0.0,0.0,0.0,-1,Driving,-1.418,30.0,Red
46.947617292404175,-63.72815704345703,-60.32453918457031,-0.0035006331745535135,-3.3413703441619873,2.55,9.18,0.0,1.0,0.0,-1,Driving,-1.334,30.0,Red
47.056615352630615,-63.46059036254883,-60.34042739868164,-0.0037021255120635033,-3.340820550918579,0.012,0.04,0.0,1.0,0.0,-1,Driving,-1.315,30.0,Red
47.16561698913574,-63.45315933227539,-60.34077835083008,-0.004046592395752668,-3.3406989574432373,0.03,0.11,0.0,1.0,0.0,-1,Driving,-1.315,30.0,Red
47.27361845970154,-63.44620895385742,-60.34044647216797,-0.004433021415024996,-3.340607166290283,0.011,0.04,0.0,1.0,0.0,-1,Driving,-1.315,30.0,Red
47.38211965560913,-63.446224212646484,-60.340091705322266,-0.004591178614646196,-3.3406076431274414,0.007,0.02,0.0,1.0,0.0,-1,Driving,-1.315,30.0,Red
47.48926663398743,-63.448612213134766,-60.34006881713867,-0.004437904339283705,-3.3405771255493164,0.006,0.02,0.0,0.0,0.0,-1,Driving,-1.315,30.0,Red
47.59926509857178,-63.44938659667969,-60.34023666381836,-0.004461631644517183,-3.3405773639678955,0.001,0.0,0.0,0.0,0.0,-1,Driving,-1.315,30.0,Red
47.70726752281189,-63.44917297363281,-60.34027099609375,-0.004486045800149441,-3.3405771255493164,0.0,0.0,0.0,0.0,0.0,-1,Driving,-1.315,30.0,Red
47.817267656326294,-63.44917297363281,-60.34027099609375,-0.004486045800149441,-3.3405771255493164,0.0,0.0,0.0,0.0,0.0,-1,Driving,-1.315,30.0,Red
47.925267696380615,-63.44917297363281,-60.34027099609375,-0.004486045800149441,-3.3405771255493164,0.0,0.0,0.0,0.0,0.0,-1,Driving,-1.315,30.0,Red
48.03226685523987,-63.44917297363281,-60.34027099609375,-0.004486045800149441,-3.3405771255493164,0.0,0.0,0.0,0.0,0.0,-1,Driving,-1.315,30.0,Red
48.14227080345154,-63.44917297363281,-60.34027099609375,-0.004486045800149441,-3.3405771255493164,0.0,0.0,0.0,0.0,0.0,-1,Driving,-1.315,30.0,Red
48.252264976501465,-63.44917297363281,-60.34027099609375,-0.004486045800149441,-3.3405771255493164,0.0,0.0,0.0,0.0,0.0,-1,Driving,-1.315,30.0,Red
48.361265659332275,-63.44917297363281,-60.34027099609375,-0.004486045800149441,-3.3405771255493164,0.0,0.0,0.0,0.0,0.0,-1,Driving,-1.315,30.0,Red
48.4712655544281,-63.44917297363281,-60.34027099609375,-0.004486045800149441,-3.3405771255493164,0.0,0.0,0.0,0.0,0.0,-1,Driving,-1.315,30.0,Red
48.58226442337036,-63.44917297363281,-60.34027099609375,-0.004486045800149441,-3.3405771255493164,0.0,0.0,0.0,0.0,0.0,-1,Driving,-1.315,30.0,Red
48.68826723098755,-63.44917297363281,-60.34027099609375,-0.004486045800149441,-3.3405771255493164,0.0,0.0,0.0,0.0,0.0,-1,Driving,-1.315,30.0,Red
48.793264389038086,-63.44917297363281,-60.34027099609375,-0.004486045800149441,-3.3405771255493164,0.0,0.0,0.0,0.0,0.0,-1,Driving,-1.315,30.0,Red
48.90326714515686,-63.44917297363281,-60.34027099609375,-0.004486045800149441,-3.3405771255493164,0.0,0.0,0.0,0.0,0.0,-1,Driving,-1.315,30.0,Red
49.013266801834106,-63.44917297363281,-60.34027099609375,-0.004486045800149441,-3.3405771255493164,0.0,0.0,0.0,0.0,0.0,-1,Driving,-1.315,30.0,Red
49.11826682090759,-63.44917297363281,-60.34027099609375,-0.004486045800149441,-3.3405771255493164,0.0,0.0,0.0,0.0,0.0,-1,Driving,-1.315,30.0,Red
49.22726631164551,-63.44917297363281,-60.34027099609375,-0.004486045800149441,-3.3405771255493164,0.0,0.0,0.0,0.0,0.0,-1,Driving,-1.315,30.0,Red
49.3342661857605,-63.44917297363281,-60.34027099609375,-0.004486045800149441,-3.3405771255493164,0.0,0.0,0.0,0.0,0.0,-1,Driving,-1.315,30.0,Red
49.44226431846619,-63.44917297363281,-60.34027099609375,-0.004486045800149441,-3.3405771255493164,0.0,0.0,0.0,0.0,0.0,-1,Driving,-1.315,30.0,Red
49.55179262161255,-63.44917297363281,-60.34027099609375,-0.004486045800149441,-3.3405771255493164,0.0,0.0,0.0,0.0,0.0,-1,Driving,-1.315,30.0,Red
49.66002559661865,-63.44917297363281,-60.34027099609375,-0.004486045800149441,-3.3405771255493164,0.0,0.0,0.0,0.0,0.0,-1,Driving,-1.315,30.0,Red
49.768592834472656,-63.44917297363281,-60.34027099609375,-0.004486045800149441,-3.3405771255493164,0.0,0.0,0.0,0.0,0.0,-1,Driving,-1.315,30.0,Red
49.878591537475586,-63.44917297363281,-60.34027099609375,-0.004486045800149441,-3.3405771255493164,0.0,0.0,0.0,0.0,0.0,-1,Driving,-1.315,30.0,Red
49.989593505859375,-63.44917297363281,-60.34027099609375,-0.004486045800149441,-3.3405771255493164,0.0,0.0,0.0,0.0,0.0,-1,Driving,-1.315,30.0,Red
50.09759211540222,-63.44917297363281,-60.34027099609375,-0.004486045800149441,-3.3405771255493164,0.0,0.0,0.0,0.0,0.0,-1,Driving,-1.315,30.0,Red
50.2035915851593,-63.44917297363281,-60.34027099609375,-0.004486045800149441,-3.3405771255493164,0.0,0.0,0.0,0.0,0.0,-1,Driving,-1.315,30.0,Red
50.30959129333496,-63.44917297363281,-60.34027099609375,-0.004486045800149441,-3.3405771255493164,0.0,0.0,0.0,0.0,0.0,-1,Driving,-1.315,30.0,Red
50.4175922870636,-63.44917297363281,-60.34027099609375,-0.004486045800149441,-3.3405771255493164,0.0,0.0,0.0,0.0,0.0,-1,Driving,-1.315,30.0,Red
50.52559208869934,-63.44917297363281,-60.34027099609375,-0.004486045800149441,-3.3405771255493164,0.0,0.0,0.0,0.0,0.0,-1,Driving,-1.315,30.0,Red
50.631590843200684,-63.44917297363281,-60.34027099609375,-0.004486045800149441,-3.3405771255493164,0.0,0.0,0.0,0.0,0.0,-1,Driving,-1.315,30.0,Red
50.741591930389404,-63.44917297363281,-60.34027099609375,-0.004486045800149441,-3.3405771255493164,0.0,0.0,0.0,0.0,0.0,-1,Driving,-1.315,30.0,Red
50.849592447280884,-63.44917297363281,-60.34027099609375,-0.004486045800149441,-3.3405771255493164,0.0,0.0,0.0,0.0,0.0,-1,Driving,-1.315,30.0,Red
50.96159386634827,-63.44917297363281,-60.34027099609375,-0.004486045800149441,-3.3405771255493164,0.0,0.0,0.0,0.0,0.0,-1,Driving,-1.315,30.0,Red
51.071592807769775,-63.44917297363281,-60.34027099609375,-0.004486045800149441,-3.3405771255493164,0.0,0.0,0.0,0.0,0.0,-1,Driving,-1.315,30.0,Red
51.18159198760986,-63.44917297363281,-60.34027099609375,-0.004486045800149441,-3.3405771255493164,0.0,0.0,0.0,0.0,0.0,-1,Driving,-1.315,30.0,Red
51.2905912399292,-63.44917297363281,-60.34027099609375,-0.004486045800149441,-3.3405771255493164,0.0,0.0,0.0,0.0,0.0,-1,Driving,-1.315,30.0,Red
51.40059494972229,-63.44917297363281,-60.34027099609375,-0.004486045800149441,-3.3405771255493164,0.0,0.0,0.0,0.0,0.0,-1,Driving,-1.315,30.0,Green
51.511592864990234,-63.44917297363281,-60.34027099609375,-0.004486045800149441,-3.3405771255493164,0.0,0.0,0.0,0.0,0.0,-1,Driving,-1.315,30.0,Green
51.62059187889099,-63.44917297363281,-60.34027099609375,-0.004486045800149441,-3.3405771255493164,0.0,0.0,0.0,0.0,0.0,-1,Driving,-1.315,30.0,Green
51.72559213638306,-63.44917297363281,-60.34027099609375,-0.004486045800149441,-3.3405771255493164,0.0,0.0,0.0,0.0,0.0,-1,Driving,-1.315,30.0,Green
51.83402633666992,-63.44917297363281,-60.34027099609375,-0.004486045800149441,-3.3405771255493164,0.0,0.0,0.0,0.0,0.0,-1,Driving,-1.315,30.0,Green
51.940733194351196,-63.44917297363281,-60.34027099609375,-0.004486045800149441,-3.3405771255493164,0.0,0.0,0.0,0.0,0.0,-1,Driving,-1.315,30.0,Green
52.05273103713989,-63.44917297363281,-60.34027099609375,-0.004486045800149441,-3.3405771255493164,0.0,0.0,0.0,0.0,0.0,-1,Driving,-1.315,30.0,Green
52.161731004714966,-63.44917297363281,-60.34027099609375,-0.004486045800149441,-3.3405771255493164,0.0,0.0,0.0,0.0,0.0,-1,Driving,-1.315,30.0,Green
52.27273082733154,-63.44917297363281,-60.34027099609375,-0.004486045800149441,-3.3405771255493164,0.0,0.0,0.0,0.0,0.0,-1,Driving,-1.315,30.0,Green
52.380733251571655,-63.44917297363281,-60.34027099609375,-0.004486045800149441,-3.3405771255493164,0.0,0.0,0.0,0.0,0.0,-1,Driving,-1.315,30.0,Green
52.49173069000244,-63.44917297363281,-60.34027099609375,-0.004486045800149441,-3.3405771255493164,0.0,0.0,0.0,0.0,0.0,-1,Driving,-1.315,30.0,Green
52.59873032569885,-63.44917297363281,-60.34027099609375,-0.004486045800149441,-3.3405771255493164,0.0,0.0,0.0,0.0,0.0,-1,Driving,-1.315,30.0,Green
52.70573329925537,-63.44917297363281,-60.34027099609375,-0.004486045800149441,-3.3405771255493164,0.0,0.0,0.0,0.0,0.0,-1,Driving,-1.315,30.0,Green
52.81373190879822,-63.44917297363281,-60.34027099609375,-0.004486045800149441,-3.3405771255493164,0.0,0.0,0.0,0.0,0.0,-1,Driving,-1.315,30.0,Green
52.92073321342468,-63.44917297363281,-60.34027099609375,-0.004486045800149441,-3.3405771255493164,0.0,0.0,0.0,0.0,0.0,-1,Driving,-1.315,30.0,Green
53.0307297706604,-63.44917297363281,-60.34027099609375,-0.004486045800149441,-3.3405771255493164,0.0,0.0,0.0,0.0,0.0,-1,Driving,-1.315,30.0,Green
53.14173173904419,-63.44917297363281,-60.34027099609375,-0.004486045800149441,-3.3405771255493164,0.0,0.0,0.0,0.0,0.0,-1,Driving,-1.315,30.0,Green
53.249730825424194,-63.44917297363281,-60.34027099609375,-0.004486045800149441,-3.3405771255493164,0.0,0.0,0.0,0.0,0.0,-1,Driving,-1.315,30.0,Green
53.35773038864136,-63.44917297363281,-60.34027099609375,-0.004486045800149441,-3.3405771255493164,0.0,0.0,0.0,0.0,0.0,-1,Driving,-1.315,30.0,Green
53.466728925704956,-63.44917297363281,-60.34027099609375,-0.004486045800149441,-3.3405771255493164,0.0,0.0,0.0,0.0,0.0,-1,Driving,-1.315,30.0,Green
53.57673454284668,0.0,0.0,0.0,0.0,0.0,0.0,0.0,0.0,1.8472633144578735e+31,5,Driving,-13.184,0.0003528222441673279,Unknown
53.6867880821228,0.0,0.0,0.0,0.0,0.0,0.0,0.0,0.0,1.8472633144578735e+31,5,Driving,-13.184,0.0003528222441673279,Unknown
53.79478859901428,0.0,0.0,0.0,0.0,0.0,0.0,0.0,0.0,1.8472633144578735e+31,5,Driving,-13.184,0.0003528222441673279,Unknown
53.90478587150574,0.0,0.0,0.0,0.0,0.0,0.0,0.0,0.0,1.8472633144578735e+31,5,Driving,-13.184,0.0003528222441673279,Unknown
54.00978755950928,0.0,0.0,0.0,0.0,0.0,0.0,0.0,0.0,1.8472633144578735e+31,5,Driving,-13.184,0.0003528222441673279,Unknown
54.1207857131958,0.0,0.0,0.0,0.0,0.0,0.0,0.0,0.0,1.8472633144578735e+31,5,Driving,-13.184,0.0003528222441673279,Unknown
54.23290419578552,0.0,0.0,0.0,0.0,0.0,0.0,0.0,0.0,1.8472633144578735e+31,5,Driving,-13.184,0.0003528222441673279,Unknown
54.34151101112366,0.0,0.0,0.0,0.0,0.0,0.0,0.0,0.0,1.8472633144578735e+31,5,Driving,-13.184,0.0003528222441673279,Unknown
54.44951128959656,0.0,0.0,0.0,0.0,0.0,0.0,0.0,0.0,1.8472633144578735e+31,5,Driving,-13.184,0.0003528222441673279,Unknown
54.55551218986511,0.0,0.0,0.0,0.0,0.0,0.0,0.0,0.0,1.8472633144578735e+31,5,Driving,-13.184,0.0003528222441673279,Unknown
54.66451168060303,0.0,0.0,0.0,0.0,0.0,0.0,0.0,0.0,1.8472633144578735e+31,5,Driving,-13.184,0.0003528222441673279,Unknown
54.77551031112671,0.0,0.0,0.0,0.0,0.0,0.0,0.0,0.0,1.8472633144578735e+31,5,Driving,-13.184,0.0003528222441673279,Unknown
54.88502788543701,0.0,0.0,0.0,0.0,0.0,0.0,0.0,0.0,1.8472633144578735e+31,5,Driving,-13.184,0.0003528222441673279,Unknown
54.99702739715576,0.0,0.0,0.0,0.0,0.0,0.0,0.0,0.0,1.8472633144578735e+31,5,Driving,-13.184,0.0003528222441673279,Unknown
55.10902786254883,0.0,0.0,0.0,0.0,0.0,0.0,0.0,0.0,1.8472633144578735e+31,5,Driving,-13.184,0.0003528222441673279,Unknown
55.21902680397034,0.0,0.0,0.0,0.0,0.0,0.0,0.0,0.0,1.8472633144578735e+31,5,Driving,-13.184,0.0003528222441673279,Unknown
55.32902646064758,0.0,0.0,0.0,0.0,0.0,0.0,0.0,0.0,1.8472633144578735e+31,5,Driving,-13.184,0.0003528222441673279,Unknown
55.43902802467346,0.0,0.0,0.0,0.0,0.0,0.0,0.0,0.0,1.8472633144578735e+31,5,Driving,-13.184,0.0003528222441673279,Unknown
55.5475435256958,0.0,0.0,0.0,0.0,0.0,0.0,0.0,0.0,1.8472633144578735e+31,5,Driving,-13.184,0.0003528222441673279,Unknown
55.658544301986694,0.0,0.0,0.0,0.0,0.0,0.0,0.0,0.0,1.8472633144578735e+31,5,Driving,-13.184,0.0003528222441673279,Unknown
55.7705454826355,0.0,0.0,0.0,0.0,0.0,0.0,0.0,0.0,1.8472633144578735e+31,5,Driving,-13.184,0.0003528222441673279,Unknown
